,ID,Price,Name,Mark,Model,Size,Volume,Main camera
0,f7061926,167 400,Apple iPad mini 5 (2019) 64Gb Wi-Fi Silver,Apple, iPad mini 5 (2019),"экран 7.9""",встроенная память 64,камера 8Mpix
1,f6870966,451 000,Apple iPad Pro 11 (2020) 128Gb Wi-Fi + Cellular Space Gray,Apple, iPad Pro 11 (2020),"экран 11""",встроенная память 128,камера 12Mpix
2,f6153500,523 416,Apple iPad Pro 11 (2018) 256Gb Wi-Fi Space Gray,Apple, iPad Pro 11 (2018),"экран 11""",встроенная память 256,камера 12Mpix
3,f6153498,523 416,Apple iPad Pro 11 (2018) 64Gb Wi-Fi + Cellular Space Gray,Apple, iPad Pro 11 (2018),"экран 11""",встроенная память 64,камера 12Mpix
4,f7010083,170 590,Samsung Galaxy Tab S6 Lite 10.4 SM-P615 LTE 64Gb Blue,Samsung, Galaxy Tab S6 Lite 10.4 SM-P615 LTE,"экран 10.4""",встроенная память 64,камера 8Mpix
5,f6153427,523 416,Apple iPad Pro 11 (2018) 64Gb Wi-Fi + Cellular Silver,Apple, iPad Pro 11 (2018),"экран 11""",встроенная память 64,камера 12Mpix
6,f6633518,252 500,Apple iPad 10.2 (2019) 128Gb Wi-Fi + Cellular Space Gray,Apple, iPad 10.2 (2019),"экран 10.2""",встроенная память 128,камера 8Mpix
7,f6271058,167 400,Apple iPad mini 5 (2019) 64Gb Wi-Fi Space Gray,Apple, iPad mini 5 (2019),"экран 7.9""",встроенная память 64,камера 8Mpix
8,f5615258,52 765,Samsung Galaxy Tab A 7.0 SM-T280 8Gb белый,Samsung, Galaxy Tab A 7.0 SM-T280,"экран 7""",встроенная память 8,камера 5Mpix
9,f6604191,71 540,Acer Iconia One 10 16Gb White,Acer, Iconia One 10,"экран 10.1""",встроенная память 16,камера 5Mpix
10,f6621090,238 000,Apple iPad mini 5 (2019) 64Gb Wi-Fi + Cellular Space Gray,Apple, iPad mini 5 (2019),Not Found,встроенная память 64,камера 8Mpix
11,f6876950,66 490,Samsung Galaxy Tab A 8.0 SM-T295 LTE 32Gb Black,Samsung, Galaxy Tab A 8.0 SM-T295 LTE,"экран 8""",встроенная память 32,камера 8Mpix
12,f6153468,715 694,Apple iPad Pro 11 (2018) 512Gb Wi-Fi + Cellular Space Gray,Apple, iPad Pro 11 (2018),"экран 11""",встроенная память 512,камера 12Mpix
13,f7105048,225 000,Apple iPad 8th gen 10.2 (2020) 32Gb Wi-Fi + Cellular Space Gray,Apple, iPad 8th gen 10.2 (2020),"экран 10.2""",встроенная память 32,камера 8Mpix
14,f5907751,71 176,Samsung Galaxy Tab E 9.6 SM-T561N 8Gb чёрный,Samsung, Galaxy Tab E 9.6 SM-T561N,"экран 9.6""",встроенная память 8,камера 5Mpix
15,f6437377,207 600,Samsung Galaxy Tab S5e 10.5 SM-T725 64Gb Gold,Samsung, Galaxy Tab S5e 10.5 SM-T725,"экран 10.5""",встроенная память 64,камера 13Mpix
16,f7080191,378 400,Microsoft Surface Pro 7 i5 8GB 128GB With Type Cover,Microsoft, Surface Pro 7 i5,Not Found,Not Found,Not Found
17,f6952237,167 400,Apple iPad mini 5 (2019) 64Gb Wi-Fi Gold,Apple, iPad mini 5 (2019),"экран 7.9""",встроенная память 64,камера 8Mpix
18,f7106663,299 990,Samsung Galaxy Tab S7 11.0 SM-T875 LTE 128Gb Mystic Bronze,Samsung, Galaxy Tab S7 11.0 SM-T875 LTE,"экран 11""",встроенная память 128,камера 13Mpix
19,f7106658,384 990,Samsung Galaxy Tab S7 Plus 12.4 SM-T975 LTE 128Gb Mystic Bronze,Samsung, Galaxy Tab S7 Plus 12.4 SM-T975 LTE,"экран 12.4""",встроенная память 128,камера 13Mpix
20,f6153382,240 130,Apple iPad 6th gen (2018) 128Gb Wi-Fi Gold,Apple, iPad 6th gen (2018),"экран 9.7""",встроенная память 128,камера 8Mpix
21,f6153477,437 958,Apple iPad Pro 10.5 (2017) 512Gb Wi-Fi Rose Gold,Apple, iPad Pro 10.5 (2017),"экран 10.5""",встроенная память 512,камера 12Mpix
22,f6803829,167 300,Apple iPad mini 5 (2019) 64Gb Wi-Fi Space Gray,Apple, iPad mini 5 (2019),"экран 7.9""",встроенная память 64,камера 8Mpix
23,f6577814,156 000,Apple iPad 10.2 (2019) 32Gb Wi-Fi Space Gray,Apple, iPad 10.2 (2019),"экран 10.2""",встроенная память 32,камера 8Mpix
24,f7077088,214 000,Apple iPad 8th gen 10.2 (2020) 128Gb Wi-Fi Silver,Apple, iPad 8th gen 10.2 (2020),"экран 10.2""",встроенная память 128,камера 8Mpix
25,f6889068,175 110,Acer Aspire Switch 10 E z8300 32Gb,Acer, Aspire Switch 10 E z8300,"экран 10.1""",встроенная память 32,камера 2Mpix
26,f6875795,560 000,Apple iPad Pro 12.9 (2020) 256Gb Wi-Fi + Cellular Space Gray,Apple, iPad Pro 12.9 (2020),"экран 12.9""",встроенная память 256,камера 12Mpix
27,f6843363,403 300,Apple iPad Pro 11 (2020) 256Gb Wi-Fi Space Gray,Apple, iPad Pro 11 (2020),"экран 11""",встроенная память 256,камера 12Mpix
28,f6842905,172 990,Apple iPad mini 5 (2019) 64Gb Wi-Fi Space Gray,Apple, iPad mini 5 (2019),"экран 7.9""",встроенная память 64,камера 8Mpix
29,f6643171,662 000,Microsoft Surface Pro 7 i5 8Gb 256Gb Platinum,Microsoft, Surface Pro 7 i5,"экран 12.3""",встроенная память 256,камера 8Mpix
30,f6153531,160 545,Apple iPad (2017) 32Gb Wi-Fi Space Gray,Apple, iPad (2017),"экран 9.7""",встроенная память 32,камера 8Mpix
31,f6153716,256 122,Apple iPad 6th gen (2018) Retina 32Gb Wi-Fi + Cellular Space Gray,Apple, iPad 6th gen (2018) Retina,"экран 9.7""",встроенная память 32,камера 8Mpix
32,f6153660,523 416,Apple iPad Pro 11 (2018) 256Gb Wi-Fi Silver,Apple, iPad Pro 11 (2018),"экран 11""",встроенная память 256,камера 12Mpix
33,f7111289,24 045,BQ BQ-7000G Charm Silver,BQ, BQ-7000G Charm Silver,"экран 7""",встроенная память 8,камера 2Mpix
34,f6005146,48 426,Lenovo Tab 8 TB-8304F1 16Gb Black,Lenovo, Tab 8 TB-8304F1,"экран 8""",встроенная память 16,камера 5Mpix
35,f6877450,403 000,Apple iPad Pro 11 (2020) 256Gb Wi-Fi Space Gray,Apple, iPad Pro 11 (2020),"экран 11""",встроенная память 256,камера 12Mpix
36,f7113360,213 900,Apple iPad 8th gen 10.2 (2020) 128Gb Wi-Fi Space Gray,Apple, iPad 8th gen 10.2 (2020),"экран 10.2""",встроенная память 128,камера 8Mpix
37,f6573060,156 950,Apple iPad 10.2 (2019) 32Gb Wi-Fi Gold,Apple, iPad 10.2 (2019),"экран 10.2""",встроенная память 32,камера 8Mpix
38,f7007356,219 990,Samsung Galaxy Tab S6 10.5 SM-T865 LTE 128Gb Grey,Samsung, Galaxy Tab S6 10.5 SM-T865 LTE,"экран 10.5""",встроенная память 128,камера 13Mpix
39,f6153539,630 237,Apple iPad Pro 11 (2018) 512Gb Wi-Fi Space Gray,Apple, iPad Pro 11 (2018),"экран 11""",встроенная память 512,камера 12Mpix
40,f6153448,512 734,Apple iPad Pro 10.5 (2017) 256Gb Wi-Fi + Cellular Rose Gold,Apple, iPad Pro 10.5 (2017),"экран 10.5""",встроенная память 256,камера 12Mpix
41,f6889214,117 950,Lenovo Yoga Tablet 8 3 16Gb 4G чёрный,Lenovo, Yoga Tablet 8 3,"экран 8""",встроенная память 16,камера 8Mpix
42,f6875619,450 900,Apple iPad Pro 11 (2020) 128Gb Wi-Fi + Cellular Space Gray,Apple, iPad Pro 11 (2020),"экран 11""",встроенная память 128,камера 12Mpix
43,f6403110,252 700,Apple iPad Air 10.5 (2019) 64Gb Wi-Fi Space Gray,Apple, iPad Air 10.5 (2019),"экран 10.5""",встроенная память 64,камера 8Mpix
44,f6950752,560 285,Apple iPad Pro 12.9 (2020) 256Gb Wi-Fi + Cellular Space Gray,Apple, iPad Pro 12.9 (2020),"экран 12.9""",встроенная память 256,камера 12Mpix
45,f5615251,193 529,Samsung Galaxy Tab S2 9.7 SM-T819 LTE 32Gb Gold,Samsung, Galaxy Tab S2 9.7 SM-T819 LTE,"экран 9.7""",встроенная память 32,камера 8Mpix
46,f7069143,295 900,Samsung Galaxy Tab S7 11.0 SM-T875 LTE 128Gb Mystic Black,Samsung, Galaxy Tab S7 11.0 SM-T875 LTE,"экран 11""",встроенная память 128,камера 13Mpix
47,f7138543,560 290,Apple iPad Pro 12.9 (2020) 256Gb Wi-Fi + Cellular Space Gray,Apple, iPad Pro 12.9 (2020),"экран 12.9""",встроенная память 256,камера 12Mpix
48,f7080589,586 500,Apple iPad Pro 12.9 (2020) 256Gb Wi-Fi + Cellular Space Gray,Apple, iPad Pro 12.9 (2020),"экран 12.9""",встроенная память 256,камера 12Mpix
49,f6596265,149 900,Apple iPad 10.2 (2019) 32Gb Wi-Fi Space Gray,Apple, iPad 10.2 (2019),"экран 10.2""",встроенная память 32,камера 8Mpix
50,f6785970,700 000,Microsoft Surface Pro 7 i7 16Gb 256Gb Platinum,Microsoft, Surface Pro 7 i7,"экран 12.3""",встроенная память 256,камера 8Mpix
51,f7099553,23 997,BQ BQ-7038G Light Plus Violet,BQ, BQ-7038G Light Plus Violet,"экран 7""",встроенная память 16,камера 2Mpix
52,f6897846,90 100,Lenovo Tab M10 FHD Plus TB-X606F Grey,Lenovo, Tab M10 FHD Plus TB-X606F Grey,"экран 10.3""",встроенная память 32,камера 5Mpix
53,f7056480,325 790,Samsung Galaxy Tab S7 11.0 SM-T875 LTE 128Gb Mystic Bronze,Samsung, Galaxy Tab S7 11.0 SM-T875 LTE,"экран 11""",встроенная память 128,камера 13Mpix
54,f7108690,224 900,Apple iPad 8th gen 10.2 (2020) 32Gb Wi-Fi + Cellular Space Gray,Apple, iPad 8th gen 10.2 (2020),"экран 10.2""",встроенная память 32,камера 8Mpix
55,f6573059,156 950,Apple iPad 10.2 (2019) 32Gb Wi-Fi Space Gray,Apple, iPad 10.2 (2019),"экран 10.2""",встроенная память 32,камера 8Mpix
56,f5615224,52 765,Samsung Galaxy Tab A 7.0 SM-T280 8Gb чёрный,Samsung, Galaxy Tab A 7.0 SM-T280,"экран 7""",встроенная память 8,камера 5Mpix
57,f5902252,156 235,Samsung Galaxy Tab S2 8.0 SM-T719 LTE 32Gb чёрный,Samsung, Galaxy Tab S2 8.0 SM-T719 LTE,"экран 8""",встроенная память 32,камера 8Mpix
58,f7053899,235 000,Samsung Galaxy Tab S6 10.5 SM-T865 LTE 128Gb Grey,Samsung, Galaxy Tab S6 10.5 SM-T865 LTE,"экран 10.5""",встроенная память 128,камера 13Mpix
59,f7053950,141 900,Samsung Galaxy Tab S6 Lite 10.4 SM-P615 LTE 64Gb Grey,Samsung, Galaxy Tab S6 Lite 10.4 SM-P615 LTE,"экран 10.4""",встроенная память 64,камера 8Mpix
60,f6643100,561 000,Microsoft Surface Pro 7 i3 4Gb 128Gb Platinum,Microsoft, Surface Pro 7 i3,"экран 12.3""",встроенная память 128,камера 8Mpix
61,f6643103,467 500,Microsoft Surface Pro 7 i5 8Gb 128Gb Platinum,Microsoft, Surface Pro 7 i5,"экран 12.3""",встроенная память 128,камера 8Mpix
62,f6153501,833 199,Apple iPad Pro 12.9 (2018) 512Gb Wi-Fi + Cellular Space Gray,Apple, iPad Pro 12.9 (2018),"экран 12.9""",встроенная память 512,камера 12Mpix
63,f6153546,314 967,Apple iPad Pro 9.7 128Gb Wi-Fi + Cellular Silver,Apple, iPad Pro 9.7,"экран 9.7""",встроенная память 128,камера 12Mpix
64,f6302083,286 500,Apple iPad Air 10.5 (2019) 64Gb Wi-Fi Gold,Apple, iPad Air 10.5 (2019),"экран 10.5""",встроенная память 64,камера 8Mpix
65,f6888946,503 380,Планшет ASUS Transformer 3 T305CA,Планшет, ASUS Transformer 3 T305CA,Not Found,Not Found,Not Found
66,f6888981,248 320,Планшет ASUS Transformer Mini T102HA-GR022T,Планшет, ASUS Transformer Mini T102HA-GR022T,Not Found,Not Found,Not Found
67,f7071976,30 790,BQ BQ-1081G White,BQ, BQ-1081G White,"экран 10.1""",встроенная память 8,камера 2Mpix
68,f7063684,23 900,Prestigio Smartkids 3197 Blue,Prestigio, Smartkids 3197 Blue,"экран 7""",встроенная память 16,камера 2Mpix
69,f7101907,123 690,Samsung Galaxy Tab A7 10.4 SM-T505 LTE 32Gb Grey,Samsung, Galaxy Tab A7 10.4 SM-T505 LTE,"экран 10.4""",встроенная память 32,камера 8Mpix
70,f7141596,422 843,Apple 11-inch iPad Pro 3G935HC/A,Apple, 11-inch iPad Pro 3G935HC/A,Not Found,Not Found,Not Found
71,f7070295,329 380,Samsung Galaxy Tab S7 11.0 SM-T875 LTE 128Gb Mystic Bronze,Samsung, Galaxy Tab S7 11.0 SM-T875 LTE,"экран 11""",встроенная память 128,камера 13Mpix
72,f6851981,451 500,Apple iPad Pro 11 (2020) 128Gb Wi-Fi + Cellular Space Gray,Apple, iPad Pro 11 (2020),"экран 11""",встроенная память 128,камера 12Mpix
73,f7077089,214 000,Apple iPad 8th gen 10.2 (2020) 128Gb Wi-Fi Gold,Apple, iPad 8th gen 10.2 (2020),"экран 10.2""",встроенная память 128,камера 8Mpix
74,f7074574,166 825,Apple iPad 8th gen 10.2 (2020) 32Gb Wi-Fi Gold,Apple, iPad 8th gen 10.2 (2020),"экран 10.2""",встроенная память 32,камера 8Mpix
75,f5615227,62 118,Samsung Galaxy Tab A 7.0 SM-T285 8Gb белый,Samsung, Galaxy Tab A 7.0 SM-T285,"экран 7""",встроенная память 8,камера 5Mpix
76,f6723055,77 000,Samsung Galaxy Tab A 10.1 SM-T515 32Gb Black,Samsung, Galaxy Tab A 10.1 SM-T515,"экран 10.1""",встроенная память 32,камера 8Mpix
77,f6870967,569 490,Apple iPad Pro 11 (2020) 512Gb Wi-Fi + Cellular Space Gray,Apple, iPad Pro 11 (2020),"экран 11""",встроенная память 512,камера 12Mpix
78,f7010085,58 590,Samsung Galaxy Tab A 8.0 SM-T290 32Gb Black,Samsung, Galaxy Tab A 8.0 SM-T290,"экран 8""",встроенная память 32,камера 8Mpix
79,f5986650,335 000,Apple iPad Pro 11 (2018) 64Gb Wi-Fi Space Gray,Apple, iPad Pro 11 (2018),"экран 11""",встроенная память 64,камера 12Mpix
80,f6153536,160 545,Apple iPad (2017) 32Gb Wi-Fi Silver,Apple, iPad (2017),"экран 9.7""",встроенная память 32,камера 8Mpix
81,f6818175,194 000,Apple iPad 10.2 (2019) 32Gb Wi-Fi Gold,Apple, iPad 10.2 (2019),"экран 10.2""",встроенная память 32,камера 8Mpix
82,f6284207,213 000,Apple iPad Air 10.5 (2019) 64Gb Wi-Fi Silver,Apple, iPad Air 10.5 (2019),"экран 10.5""",встроенная память 64,камера 8Mpix
83,f6796577,35 980,Prestigio MultiPad Wize 4111 3G Black,Prestigio, MultiPad Wize 4111 3G Black,"экран 10.1""",встроенная память 16,камера 2Mpix
84,f6005149,105 099,Lenovo Yoga Tablet 10 3 2Gb 16Gb 4G,Lenovo, Yoga Tablet 10 3,"экран 10.1""",встроенная память 16,камера 8Mpix
85,f7094800,165 990,Apple iPad 8th gen 10.2 (2020) 32Gb Wi-Fi Space Gray,Apple, iPad 8th gen 10.2 (2020),"экран 10.2""",встроенная память 32,камера 8Mpix
86,f6779605,103 487,Lenovo Yoga Tablet 10 3 2Gb 16Gb 4G,Lenovo, Yoga Tablet 10 3,"экран 10.1""",встроенная память 16,камера 8Mpix
87,f6406194,82 130,Samsung Galaxy Tab A 10.1 SM-T515 32Gb Black,Samsung, Galaxy Tab A 10.1 SM-T515,"экран 10.1""",встроенная память 32,камера 8Mpix
88,f6652718,352 600,Microsoft Surface Pro 7 i5 8Gb 128Gb Platinum,Microsoft, Surface Pro 7 i5,"экран 12.3""",встроенная память 128,камера 8Mpix
89,f6870961,488 700,Apple iPad Pro 11 (2020) 256Gb Wi-Fi + Cellular Space Gray,Apple, iPad Pro 11 (2020),"экран 11""",встроенная память 256,камера 12Mpix
90,f7076340,166 800,Apple iPad 8th gen 10.2 (2020) 32Gb Wi-Fi Space Gray,Apple, iPad 8th gen 10.2 (2020),"экран 10.2""",встроенная память 32,камера 8Mpix
91,f5615197,71 176,Samsung Galaxy Tab E 9.6 SM-T561N 8Gb White,Samsung, Galaxy Tab E 9.6 SM-T561N,"экран 9.6""",встроенная память 8,камера 5Mpix
92,f7014068,216 900,Apple iPad Pro 10.5 (2017) 64Gb Wi-Fi + Cellular Rose Gold,Apple, iPad Pro 10.5 (2017),"экран 10.5""",встроенная память 64,камера 12Mpix
93,f6963577,138 995,Apple iPad 10.2 (2019) 32Gb Wi-Fi Gold,Apple, iPad 10.2 (2019),"экран 10.2""",встроенная память 32,камера 8Mpix
94,f6643123,662 000,Microsoft Surface Pro 7 i5 8Gb 256Gb Black,Microsoft, Surface Pro 7 i5,"экран 12.3""",встроенная память 256,камера 8Mpix
95,f6814196,160 459,Apple iPad 10.2 (2019) 32Gb Wi-Fi Silver,Apple, iPad 10.2 (2019),"экран 10.2""",встроенная память 32,камера 8Mpix
96,f6153482,352 501,Apple iPad Pro 10.5 (2017) 64Gb Wi-Fi Rose Gold,Apple, iPad Pro 10.5 (2017),"экран 10.5""",встроенная память 64,камера 12Mpix
97,f6153615,427 277,Apple iPad Pro 10.5 (2017) 64Gb Wi-Fi + Cellular Silver,Apple, iPad Pro 10.5 (2017),"экран 10.5""",встроенная память 64,камера 12Mpix
98,f6153404,181 409,Apple iPad 6th gen (2018) 32Gb Wi-Fi Silver,Apple, iPad 6th gen (2018),"экран 9.7""",встроенная память 32,камера 8Mpix
99,f6875173,366 000,Apple iPad Pro 11 (2018) 256Gb Wi-Fi Space Gray,Apple, iPad Pro 11 (2018),"экран 11""",встроенная память 256,камера 12Mpix
100,f6302082,286 500,Apple iPad Air 10.5 (2019) 64Gb Wi-Fi Silver,Apple, iPad Air 10.5 (2019),"экран 10.5""",встроенная память 64,камера 8Mpix
101,f7111297,24 045,BQ BQ-7038G Light Plus Red,BQ, BQ-7038G Light Plus Red,"экран 7""",встроенная память 16,камера 2Mpix
102,f7111277,24 045,BQ BQ-7038G Light Plus Violet,BQ, BQ-7038G Light Plus Violet,"экран 7""",встроенная память 16,камера 2Mpix
103,f7104089,165 000,Apple iPad 8th gen 10.2 (2020) 32Gb Wi-Fi Space Gray,Apple, iPad 8th gen 10.2 (2020),"экран 10.2""",встроенная память 32,Not Found
104,f7077577,37 190,BQ BQ-1083G Armor Pro Plus Print8,BQ, BQ-1083G Armor Pro Plus Print8,"экран 10.1""",встроенная память 16,камера 2Mpix
105,f6996778,253 580,Apple iPad Air 10.5 (2019) 64Gb Wi-Fi Gold,Apple, iPad Air 10.5 (2019),"экран 10.5""",встроенная память 64,камера 8Mpix
106,f7076112,162 900,Apple iPad 10.2 (2019) 32Gb Wi-Fi Space Gray,Apple, iPad 10.2 (2019),"экран 10.2""",встроенная память 32,камера 8Mpix
107,f7076120,318 840,Samsung Galaxy Tab S6 10.5 SM-T865 LTE 128Gb Brown,Samsung, Galaxy Tab S6 10.5 SM-T865 LTE,"экран 10.5""",встроенная память 128,камера 13Mpix
108,f7100949,213 800,Apple iPad 8th gen 10.2 (2020) 128Gb Wi-Fi Space Gray,Apple, iPad 8th gen 10.2 (2020),"экран 10.2""",встроенная память 128,камера 8Mpix
109,f6652035,196 400,Apple iPad mini 5 (2019) 64Gb Wi-Fi Gold,Apple, iPad mini 5 (2019),"экран 7.9""",встроенная память 64,камера 8Mpix
110,f6948432,53 800,"Планшет Samsung Galaxy Tab A, 8.0"", 32Gb, Wi-Fi, Black SM-T290/B",Планшет," Samsung Galaxy Tab A, 8.0"",",Not Found,Not Found,Not Found
111,f7104504,167 000,Apple iPad mini 5 (2019) 64Gb Wi-Fi Space Gray,Apple, iPad mini 5 (2019),"экран 7.9""",встроенная память 64,камера 8Mpix
112,f7104505,214 000,Apple iPad 8th gen 10.2 (2020) 128Gb Wi-Fi Space Gray,Apple, iPad 8th gen 10.2 (2020),"экран 10.2""",встроенная память 128,камера 8Mpix
113,f6875620,367 000,Apple iPad Pro 11 (2020) 128Gb Wi-Fi Space Gray,Apple, iPad Pro 11 (2020),"экран 11""",встроенная память 128,камера 12Mpix
114,f6782467,36 907,Lenovo Tab 4 TB-7104F 16Gb Black,Lenovo, Tab 4 TB-7104F,"экран 7""",встроенная память 16,камера 2Mpix
115,f7075931,378 400,Microsoft Surface Pro 7 i5 8GB 128GB with type cover Platinum,Microsoft, Surface Pro 7 i5,"экран 12.3""",встроенная память 128,Not Found
116,f7070302,55 040,Samsung Galaxy Tab A 8.0 SM-T290 32Gb Black,Samsung, Galaxy Tab A 8.0 SM-T290,"экран 8""",встроенная память 32,камера 8Mpix
117,f7065225,172 000,Apple iPad mini 5 (2019) 64Gb Wi-Fi Space Gray,Apple, iPad mini 5 (2019),"экран 7.9""",встроенная память 64,камера 8Mpix
118,f6852109,408 500,Apple iPad Pro 11 (2020) 256Gb Wi-Fi Silver,Apple, iPad Pro 11 (2020),"экран 11""",встроенная память 256,камера 12Mpix
119,f6851914,369 800,Apple iPad Pro 11 (2020) 128Gb Wi-Fi Silver,Apple, iPad Pro 11 (2020),"экран 11""",встроенная память 128,камера 12Mpix
120,f6852025,451 500,Apple iPad Pro 11 (2020) 128Gb Wi-Fi + Cellular Silver,Apple, iPad Pro 11 (2020),"экран 11""",встроенная память 128,камера 12Mpix
121,f6573056,172 000,Apple iPad mini 5 (2019) 64Gb Wi-Fi Gold,Apple, iPad mini 5 (2019),"экран 7.9""",встроенная память 64,камера 8Mpix
122,f6070066,335 400,Apple iPad Pro 11 (2018) 64Gb Wi-Fi Silver,Apple, iPad Pro 11 (2018),"экран 11""",встроенная память 64,камера 12Mpix
123,f6282465,214 500,Apple iPad mini 5 (2019) 256Gb Wi-Fi Space Gray,Apple, iPad mini 5 (2019),Not Found,встроенная память 256,камера 8Mpix
124,f6865513,368 985,Apple iPad Pro 11 (2020) 128Gb Wi-Fi Space Gray,Apple, iPad Pro 11 (2020),"экран 11""",встроенная память 128,камера 12Mpix
125,f5957626,383 400,Microsoft Surface Pro 5 i5 4Gb 128Gb,Microsoft, Surface Pro 5 i5,"экран 12.3""",встроенная память 128,камера 8Mpix
126,f6785960,514 900,Microsoft Surface Pro 7 i5 8Gb 256Gb Black,Microsoft, Surface Pro 7 i5,"экран 12.3""",встроенная память 256,камера 8Mpix
127,f3084462,52 235,Samsung Galaxy Tab 3 7.0 SM-T2100 8Gb белый,Samsung, Galaxy Tab 3 7.0 SM-T2100,"экран 7""",встроенная память 8,камера 3Mpix
128,f6714598,77 000,Samsung Galaxy Tab A 10.1 SM-T515 32Gb Black,Samsung, Galaxy Tab A 10.1 SM-T515,"экран 10.1""",встроенная память 32,камера 8Mpix
129,f7053933,141 900,Samsung Galaxy Tab S6 Lite 10.4 SM-P615 LTE 64Gb Blue,Samsung, Galaxy Tab S6 Lite 10.4 SM-P615 LTE,"экран 10.4""",встроенная память 64,камера 8Mpix
130,f7138460,214 430,Apple iPad 8th gen 10.2 (2020) 128Gb Wi-Fi Gold,Apple, iPad 8th gen 10.2 (2020),"экран 10.2""",встроенная память 128,камера 8Mpix
131,f7138458,214 430,Apple iPad 8th gen 10.2 (2020) 128Gb Wi-Fi Space Gray,Apple, iPad 8th gen 10.2 (2020),"экран 10.2""",встроенная память 128,камера 8Mpix
132,f6875615,335 500,Apple iPad Pro 11 (2018) 64Gb Wi-Fi Space Gray,Apple, iPad Pro 11 (2018),"экран 11""",встроенная память 64,камера 12Mpix
133,f6783580,317 600,Apple iPad Pro 11 (2018) 64Gb Wi-Fi Space Gray,Apple, iPad Pro 11 (2018),"экран 11""",встроенная память 64,камера 12Mpix
134,f6474667,426 300,Apple iPad Pro 12.9 (2018) 256Gb Wi-Fi + Cellular Space Gray,Apple, iPad Pro 12.9 (2018),"экран 12.9""",встроенная память 256,камера 12Mpix
135,f6656236,29 052,BQ BQ-7098G Armor Power Cammo Winter,BQ, BQ-7098G Armor Power Cammo Winter,"экран 7""",встроенная память 8,камера 2Mpix
136,f6842919,214 990,Apple iPad Air 10.5 (2019) 64Gb Wi-Fi Space Gray,Apple, iPad Air 10.5 (2019),"экран 10.5""",встроенная память 64,камера 8Mpix
137,f7012397,780 900,Apple iPad Pro 12.9 (2020) 512Gb Wi-Fi + Cellular Space Gray,Apple, iPad Pro 12.9 (2020),"экран 12.9""",встроенная память 512,камера 12Mpix
138,f7014844,324 405,Samsung Galaxy Tab S6 10.5 SM-T865 LTE 128Gb Grey,Samsung, Galaxy Tab S6 10.5 SM-T865 LTE,"экран 10.5""",встроенная память 128,камера 13Mpix
139,f6814151,158 887,Apple iPad 6th gen (2018) 32Gb Wi-Fi Silver,Apple, iPad 6th gen (2018),"экран 9.7""",встроенная память 32,камера 8Mpix
140,f6399628,40 888,Lenovo Tab 4 TB-7104i 8Gb,Lenovo, Tab 4 TB-7104i,"экран 7""",встроенная память 8,камера 2Mpix
141,f6785971,855 000,Microsoft Surface Pro 7 i7 16Gb 512Gb Platinum,Microsoft, Surface Pro 7 i7,"экран 12.3""",встроенная память 512,камера 8Mpix
142,f7099556,23 997,BQ BQ-7038G Light Plus Red,BQ, BQ-7038G Light Plus Red,"экран 7""",встроенная память 16,камера 2Mpix
143,f6612744,62 405,Prestigio MultiPad Grace 5771 4G Black,Prestigio, MultiPad Grace 5771 4G Black,"экран 10.1""",встроенная память 16,камера 5Mpix
144,f6818169,194 000,Apple iPad 10.2 (2019) 32Gb Wi-Fi Space Gray,Apple, iPad 10.2 (2019),"экран 10.2""",встроенная память 32,камера 8Mpix
145,f6302081,286 500,Apple iPad Air 10.5 (2019) 64Gb Wi-Fi Space Gray,Apple, iPad Air 10.5 (2019),"экран 10.5""",встроенная память 64,камера 8Mpix
146,f7100624,25 964,Prestigio Smartkids 3197 Pink,Prestigio, Smartkids 3197 Pink,"экран 7""",встроенная память 16,камера 2Mpix
147,f7074688,34 560,BQ BQ-8068L Hornet Plus Pro Black,BQ, BQ-8068L Hornet Plus Pro Black,"экран 8.1""",встроенная память 16,камера 5Mpix
148,f7074696,36 180,BQ BQ-1083G Armor Pro Plus Print9,BQ, BQ-1083G Armor Pro Plus Print9,"экран 10.1""",встроенная память 8,камера 2Mpix
149,f6811219,50 819,Электронный блокнот Wacom Bamboo Spark c креплением для iPad,Электронный, блокнот Wacom Bamboo Spark c креплением для iPad,Not Found,Not Found,Not Found
150,f6930424,34 999,Samsung Galaxy Tab A 7.0 SM-T285 8Gb,Samsung, Galaxy Tab A 7.0 SM-T285,"экран 7""",встроенная память 8,камера 5Mpix
151,f7109514,33 600,Планшет BQ-8068L Hornet Plus Pro black LTE TST24425,Планшет, BQ-8068L Hornet Plus Pro black LTE TST24425,Not Found,Not Found,Not Found
152,f7109516,29 400,Планшет BQ-1081G 3G white белый TST23377,Планшет, BQ-1081G 3G white белый TST23377,Not Found,Not Found,Not Found
153,f7111249,24 045,BQ BQ-7038G Light Plus Blue,BQ, BQ-7038G Light Plus Blue,"экран 7""",встроенная память 16,камера 2Mpix
154,f7103759,27 196,Prestigio Smartkids 3197 Pink,Prestigio, Smartkids 3197 Pink,"экран 7""",встроенная память 16,камера 2Mpix
155,f6875616,374 000,Apple iPad Pro 11 (2018) 64Gb Wi-Fi + Cellular Space Gray,Apple, iPad Pro 11 (2018),"экран 11""",встроенная память 64,камера 12Mpix
156,f6671648,118 000,Xiaomi Mi Pad 4 Plus 64Gb LTE Gold,Xiaomi, Mi Pad 4 Plus,"экран 10.1""",встроенная память 64,камера 13Mpix
157,f7077578,37 190,BQ BQ-1083G Armor Pro Plus Print11,BQ, BQ-1083G Armor Pro Plus Print11,"экран 10.1""",встроенная память 16,камера 2Mpix
158,f7077579,37 190,BQ BQ-1083G Armor Pro Plus Print9,BQ, BQ-1083G Armor Pro Plus Print9,"экран 10.1""",встроенная память 16,камера 2Mpix
159,f7063654,30 800,Планшет BQ-1081G 3G Black,Планшет, BQ-1081G 3G Black,Not Found,Not Found,Not Found
160,f7076110,162 890,Apple iPad 10.2 (2019) 32Gb Wi-Fi Gold,Apple, iPad 10.2 (2019),"экран 10.2""",встроенная память 32,камера 8Mpix
161,f7076113,162 720,Apple iPad 10.2 (2019) 32Gb Wi-Fi Silver,Apple, iPad 10.2 (2019),"экран 10.2""",встроенная память 32,камера 8Mpix
162,f6996826,217 780,Apple iPad 10.2 (2019) 128Gb Wi-Fi Gold,Apple, iPad 10.2 (2019),"экран 10.2""",встроенная память 128,камера 8Mpix
163,f6796586,22 060,Prestigio MultiPad Wize 4117 3G Black,Prestigio, MultiPad Wize 4117 3G Black,"экран 7""",встроенная память 8,камера 2Mpix
164,f6888967,207 950,Планшет ASUS Transformer Book T101HA,Планшет, ASUS Transformer Book T101HA,Not Found,Not Found,Not Found
165,f6888932,96 920,"Планшет ASUS ZenPad 8.0"" Z380KNL",Планшет," ASUS ZenPad 8.0"" Z380KNL",Not Found,Not Found,Not Found
166,f6888823,204 130,Планшет ASUS Transformer Mini T103HAF-GR061T,Планшет, ASUS Transformer Mini T103HAF-GR061T,Not Found,Not Found,Not Found
167,f7016544,477 987,Samsung Galaxy Tab S7 SM-T875 Black SM-T875NZKASER,Samsung, Galaxy Tab S7 SM-T875 Black SM-T875NZKASER,Not Found,Not Found,Not Found
168,f6591940,79 790,Lenovo Tab M10 TB-X505X 32Gb Black,Lenovo, Tab M10 TB-X505X,"экран 10.1""",встроенная память 32,камера 2Mpix
169,f6835284,29 590,BQ BQ-7036L Hornet Black,BQ, BQ-7036L Hornet Black,"экран 7""",встроенная память 8,камера 2Mpix
170,f7105259,128 298,Samsung Galaxy Tab A7 SM-T505NZSASER,Samsung, Galaxy Tab A7 SM-T505NZSASER,Not Found,Not Found,Not Found
171,f6905482,125 993,Lenovo Tab M10 FHD Plus TB-X606F Grey,Lenovo, Tab M10 FHD Plus TB-X606F Grey,"экран 10.3""",встроенная память 32,камера 5Mpix
172,f7080471,360 700,"Планшет Samsung Galaxy Tab S7 Plus, 12.4"", 128Gb, Wi-Fi+4G, Mystic",Планшет," Samsung Galaxy Tab S7 Plus, 12.4"",",Not Found,Not Found,Not Found
173,f5159068,84 500,Lenovo Yoga Tablet 10 3 2Gb 16Gb 4G,Lenovo, Yoga Tablet 10 3,"экран 10.1""",встроенная память 16,камера 8Mpix
174,f6209455,58 223,Digma CITI 7507 4G L707DS,Digma, CITI 7507 4G L707DS,Not Found,Not Found,Not Found
175,f6683494,93 488,Lenovo Tab M8 TB-8505X 2/32Gb,Lenovo, Tab M8 TB-8505X,"экран 8""",встроенная память 32,камера 5Mpix
176,f7099546,30 666,BQ BQ-7098G Armor Power Print1,BQ, BQ-7098G Armor Power Print1,"экран 7""",встроенная память 8,камера 2Mpix
177,f7146945,39 990,BQ BQ-8068L Hornet Plus Pro Black,BQ, BQ-8068L Hornet Plus Pro Black,"экран 8.1""",встроенная память 16,камера 5Mpix
178,f6870965,375 090,Apple iPad Pro 11 (2020) 128Gb Wi-Fi Space Gray,Apple, iPad Pro 11 (2020),"экран 11""",встроенная память 128,камера 12Mpix
179,f6962380,170 590,Samsung Galaxy Tab S6 Lite 10.4 SM-P615 LTE 64Gb Grey,Samsung, Galaxy Tab S6 Lite 10.4 SM-P615 LTE,"экран 10.4""",встроенная память 64,камера 8Mpix
180,f5725953,161 500,Apple iPad 6th gen (2018) 32Gb Wi-Fi Space Gray,Apple, iPad 6th gen (2018),"экран 9.7""",встроенная память 32,камера 8Mpix
181,f6783556,139 900,Apple iPad 10.2 (2019) 32Gb Wi-Fi Space Gray,Apple, iPad 10.2 (2019),"экран 10.2""",встроенная память 32,камера 8Mpix
182,f6783566,196 700,Apple iPad Air 10.5 (2019) 64Gb Wi-Fi Silver,Apple, iPad Air 10.5 (2019),"экран 10.5""",встроенная память 64,камера 8Mpix
183,f6783584,347 900,Apple iPad Pro 11 (2018) 64Gb Wi-Fi + Cellular Space Gray,Apple, iPad Pro 11 (2018),"экран 11""",встроенная память 64,камера 12Mpix
184,f6668299,34 133,BQ BQ-1081G Black,BQ, BQ-1081G Black,"экран 10.1""",встроенная память 8,камера 2Mpix
185,f7005201,149 400,Samsung Galaxy Tab S6 Lite 10.4 SM-P615 LTE 64Gb Grey,Samsung, Galaxy Tab S6 Lite 10.4 SM-P615 LTE,"экран 10.4""",встроенная память 64,камера 8Mpix
186,f7141595,49 020,BQ 8077 exion plus 3+32GB black 8077 black,BQ, 8077 exion plus,Not Found,Not Found,Not Found
187,f7141593,48 450,BQ 1022L Armor PRO bq-1022 print09,BQ, 1022L Armor PRO bq-1022 print09,Not Found,Not Found,Not Found
188,f7141590,48 450,BQ 1022L Armor PRO bq-1022 print07,BQ, 1022L Armor PRO bq-1022 print07,Not Found,Not Found,Not Found
189,f7141589,49 020,BQ 8077 exion plus 3+32GB gold 8077 gold,BQ, 8077 exion plus,Not Found,Not Found,Not Found
190,f7141588,48 450,BQ 1022L Armor PRO bq-1022 print06,BQ, 1022L Armor PRO bq-1022 print06,Not Found,Not Found,Not Found
191,f7141587,48 450,BQ 1022L Armor PRO bq-1022 print03,BQ, 1022L Armor PRO bq-1022 print03,Not Found,Not Found,Not Found
192,f7141585,48 450,BQ 1022L Armor PRO bq-1022 print02,BQ, 1022L Armor PRO bq-1022 print02,Not Found,Not Found,Not Found
193,f7141584,48 450,BQ 1022L Armor PRO bq-1022 print05,BQ, 1022L Armor PRO bq-1022 print05,Not Found,Not Found,Not Found
194,f7141570,54 780,BQ 1024L Exion pro silver BQ-1024L Exion pro silver,BQ, 1024L Exion pro silver BQ-1024L Exion pro silver,Not Found,Not Found,Not Found
195,f7141561,576 874,Apple 12.9-inch iPad Pro MY3D2RK/A,Apple, 12.9-inch iPad Pro MY3D2RK/A,Not Found,Not Found,Not Found
196,f7141557,650 496,Apple iPad Pro MXDH2RK/A,Apple, iPad Pro MXDH2RK/A,Not Found,Not Found,Not Found
197,f6805141,67 887,"Планшет Samsung Galaxy Tab A 8.0"" WiFi, SM-T290NZKASKZ, Black(398605)",Планшет," Samsung Galaxy Tab A 8.0"" WiFi, SM-T290NZKASKZ, Black(398605)",Not Found,Not Found,Not Found
198,f7021210,210 700,Microsoft Surface Go 8Gb 128Gb Black,Microsoft, Surface Go,"экран 10.1""",встроенная память 128,камера 8Mpix
199,f7101180,414 090,Samsung Galaxy Tab S7 Plus 12.4 SM-T975 LTE 128Gb Mystic Bronze,Samsung, Galaxy Tab S7 Plus 12.4 SM-T975 LTE,"экран 12.4""",встроенная память 128,камера 13Mpix
200,f6894943,63 210,Samsung Galaxy Tab A 8.0 SM-T295 LTE 32Gb Silver,Samsung, Galaxy Tab A 8.0 SM-T295 LTE,"экран 8""",встроенная память 32,камера 8Mpix
201,f6852792,580 500,Apple iPad Pro 12.9 (2020) 512Gb Wi-Fi Space Gray,Apple, iPad Pro 12.9 (2020),"экран 12.9""",встроенная память 512,камера 12Mpix
202,f6852072,408 500,Apple iPad Pro 11 (2020) 256Gb Wi-Fi Space Gray,Apple, iPad Pro 11 (2020),"экран 11""",встроенная память 256,камера 12Mpix
203,f6851949,369 800,Apple iPad Pro 11 (2020) 128Gb Wi-Fi Space Gray,Apple, iPad Pro 11 (2020),"экран 11""",встроенная память 128,камера 12Mpix
204,f6406195,82 130,Samsung Galaxy Tab A 10.1 SM-T515 32Gb Gold,Samsung, Galaxy Tab A 10.1 SM-T515,"экран 10.1""",встроенная память 32,камера 8Mpix
205,f6280822,296 700,Apple iPad mini 5 (2019) 256Gb Wi-Fi + Cellular Space Gray,Apple, iPad mini 5 (2019),Not Found,встроенная память 256,камера 8Mpix
206,f7076341,166 800,Apple iPad 8th gen 10.2 (2020) 32Gb Wi-Fi Gold,Apple, iPad 8th gen 10.2 (2020),"экран 10.2""",встроенная память 32,камера 8Mpix
207,f7139839,368 985,Apple iPad Pro 11 (2020) 128Gb Wi-Fi Silver,Apple, iPad Pro 11 (2020),"экран 11""",встроенная память 128,камера 12Mpix
208,f7139829,334 995,Apple iPad Pro 11 (2018) 64Gb Wi-Fi Silver,Apple, iPad Pro 11 (2018),"экран 11""",встроенная память 64,камера 12Mpix
209,f7110618,60 076,Lenovo Tab M8 TB-8505F 32Gb,Lenovo, Tab M8 TB-8505F,"экран 8""",встроенная память 32,камера 5Mpix
210,f7053930,159 900,Samsung Galaxy Tab S5e 10.5 SM-T725 64Gb Black,Samsung, Galaxy Tab S5e 10.5 SM-T725,"экран 10.5""",встроенная память 64,камера 13Mpix
211,f7053830,65 000,Samsung Galaxy Tab A 8.0 SM-T295 32Gb Black,Samsung, Galaxy Tab A 8.0 SM-T295,"экран 8""",встроенная память 32,камера 8Mpix
212,f6304422,77 990,Samsung Galaxy Tab A 10.1 SM-T515 32Gb Gold,Samsung, Galaxy Tab A 10.1 SM-T515,"экран 10.1""",встроенная память 32,камера 8Mpix
213,f7077600,30 190,BQ BQ-7098G Armor Power Print1,BQ, BQ-7098G Armor Power Print1,"экран 7""",встроенная память 8,камера 2Mpix
214,f7099541,34 491,BQ BQ-8068L Hornet Plus Pro Black,BQ, BQ-8068L Hornet Plus Pro Black,"экран 8.1""",встроенная память 16,камера 5Mpix
215,f7074573,214 490,Apple iPad 8th gen 10.2 (2020) 128Gb Wi-Fi Silver,Apple, iPad 8th gen 10.2 (2020),"экран 10.2""",встроенная память 128,камера 8Mpix
216,f6963584,182 295,Apple iPad 10.2 (2019) 128Gb Wi-Fi Space Gray,Apple, iPad 10.2 (2019),"экран 10.2""",встроенная память 128,камера 8Mpix
217,f7129084,269 000,Samsung Galaxy Tab S7 11.0 SM-T875 LTE 128Gb Mystic Black,Samsung, Galaxy Tab S7 11.0 SM-T875 LTE,"экран 11""",встроенная память 128,камера 13Mpix
218,f7106662,299 990,Samsung Galaxy Tab S7 11.0 SM-T875 LTE 128Gb Mystic Black,Samsung, Galaxy Tab S7 11.0 SM-T875 LTE,"экран 11""",встроенная память 128,камера 13Mpix
219,f6842926,459 990,Apple iPad Pro 11 (2020) 128Gb Wi-Fi + Cellular Space Gray,Apple, iPad Pro 11 (2020),"экран 11""",встроенная память 128,камера 12Mpix
220,f7125998,24 732,Планшетный компьютер BQ-7038G Light Plus Violet /,Планшетный, компьютер BQ-7038G Light Plus Violet /,Not Found,Not Found,Not Found
221,f7123347,2 294,No name Обучающий планшет для детей X-RKB,No, name Обучающий планшет для детей X-RKB,Not Found,Not Found,Not Found
222,f7122406,2 294,X-game X-Game Обучающий планшет для детей X-RKP,X-game, X-Game Обучающий планшет для детей X-RKP,Not Found,Not Found,Not Found
223,f6814181,53 087,"Планшет Samsung Galaxy Tab A 7.0"" черный A1-1246427",Планшет," Samsung Galaxy Tab A 7.0"" черный A1-1246427",Not Found,Not Found,Not Found
224,f6814101,160 633,Apple iPad 10.2 (2019) 32Gb Wi-Fi Space Gray,Apple, iPad 10.2 (2019),"экран 10.2""",встроенная память 32,камера 8Mpix
225,f6814215,226 153,Apple iPad 6th gen (2018) Retina 32Gb Wi-Fi + Cellular,Apple, iPad 6th gen (2018) Retina,"экран 9.7""",встроенная память 32,камера 8Mpix
226,f6675722,23 997,BQ BQ-7000G Charm Black,BQ, BQ-7000G Charm Black,"экран 7""",встроенная память 8,камера 2Mpix
227,f6400587,56 831,Samsung Galaxy Tab A 7.0 SM-T285 8Gb Black,Samsung, Galaxy Tab A 7.0 SM-T285,"экран 7""",встроенная память 8,камера 5Mpix
228,f6153495,512 734,Apple iPad Pro 10.5 256Gb Wi-Fi + Cellular Silver,Apple, iPad Pro 10.5,"экран 10.5""",встроенная память 256,камера 12Mpix
229,f6400584,388 310,Apple iPad Air 10.5 (2019) 256Gb Wi-Fi + Cellular Silver,Apple, iPad Air 10.5 (2019),"экран 10.5""",встроенная память 256,камера 8Mpix
230,f6153688,630 237,Apple iPad Pro 12.9 (2018) 256Gb Wi-Fi Space Gray,Apple, iPad Pro 12.9 (2018),"экран 12.9""",встроенная память 256,камера 12Mpix
231,f6153549,160 545,Apple iPad (2017) 32Gb Wi-Fi Gold,Apple, iPad (2017),"экран 9.7""",встроенная память 32,камера 8Mpix
232,f6153380,380 310,Apple iPad Pro 10.5 (2017) 64Gb Wi-Fi + Cellular Gold,Apple, iPad Pro 10.5 (2017),"экран 10.5""",встроенная память 64,камера 12Mpix
233,f6785959,435 000,Microsoft Surface Pro 7 i5 8Gb 128Gb Platinum,Microsoft, Surface Pro 7 i5,"экран 12.3""",встроенная память 128,камера 8Mpix
234,f7099566,23 997,BQ BQ-7038G Light Plus Blue,BQ, BQ-7038G Light Plus Blue,"экран 7""",встроенная память 16,камера 2Mpix
235,f6612730,67 556,Samsung Galaxy Tab A 8.0 SM-T295 32Gb Black,Samsung, Galaxy Tab A 8.0 SM-T295,"экран 8""",встроенная память 32,камера 8Mpix
236,f6892117,569 000,Apple iPad Pro 12.9 (2020) 256Gb Wi-Fi + Cellular Space Gray,Apple, iPad Pro 12.9 (2020),"экран 12.9""",встроенная память 256,камера 12Mpix
237,f6471924,349 500,Apple iPad Air 10.5 (2019) 64Gb Wi-Fi + Cellular Silver,Apple, iPad Air 10.5 (2019),"экран 10.5""",встроенная память 64,камера 8Mpix
238,f7100619,25 964,Prestigio Smartkids 3197 Pink,Prestigio, Smartkids 3197 Pink,"экран 7""",встроенная память 16,камера 2Mpix
239,f7072621,25 190,Планшетный компьютер BQ-7038G Light Plus Blue,Планшетный, компьютер BQ-7038G Light Plus Blue,Not Found,Not Found,Not Found
240,f7031729,365 200,"Планшет Samsung Galaxy Tab S7 11"", SM-T875NZNASKZ, Bronze",Планшет," Samsung Galaxy Tab S7 11"", SM-T875NZNASKZ, Bronze",Not Found,Not Found,Not Found
241,f7030962,29 052,BQ BQ-7036L Hornet Black,BQ, BQ-7036L Hornet Black,"экран 7""",встроенная память 8,камера 2Mpix
242,f6528340,30 240,BQ BQ-1081G White,BQ, BQ-1081G White,"экран 10.1""",встроенная память 8,камера 2Mpix
243,f7062388,24 045,BQ BQ-7000G Charm Black,BQ, BQ-7000G Charm Black,"экран 7""",встроенная память 8,камера 2Mpix
244,f7111315,24 045,BQ BQ-7000G Charm Gold,BQ, BQ-7000G Charm Gold,"экран 7""",встроенная память 8,камера 2Mpix
245,f6859561,30 520,BQ BQ-1081G Black,BQ, BQ-1081G Black,"экран 10.1""",встроенная память 8,камера 2Mpix
246,f6869748,183 760,Samsung Galaxy Tab S6 Lite 10.4 SM-P615 LTE 64Gb Blue,Samsung, Galaxy Tab S6 Lite 10.4 SM-P615 LTE,"экран 10.4""",встроенная память 64,камера 8Mpix
247,f6284205,488 600,Apple iPad Pro 12.9 (2018) 256Gb Wi-Fi Space Gray,Apple, iPad Pro 12.9 (2018),"экран 12.9""",встроенная память 256,камера 12Mpix
248,f7109979,168 950,Apple iPad 8th gen 10.2 (2020) 32Gb Wi-Fi Gold,Apple, iPad 8th gen 10.2 (2020),"экран 10.2""",встроенная память 32,камера 8Mpix
249,f7106637,410 770,Apple iPad Pro 11 (2020) 128Gb Wi-Fi Silver,Apple, iPad Pro 11 (2020),"экран 11""",встроенная память 128,камера 12Mpix
250,f7106634,410 770,Apple iPad Pro 11 (2020) 128Gb Wi-Fi Space Gray,Apple, iPad Pro 11 (2020),"экран 11""",встроенная память 128,камера 12Mpix
251,f7012385,618 000,Apple iPad Pro 12.9 (2020) 256Gb Wi-Fi Space Gray,Apple, iPad Pro 12.9 (2020),"экран 12.9""",встроенная память 256,камера 12Mpix
252,f6800832,37 820,Lenovo Tab E7 TB-7104F 16Gb Black,Lenovo, Tab E7 TB-7104F,"экран 7""",встроенная память 16,камера 2Mpix
253,f6963517,423 985,Apple iPad Pro 11 (2020) 128Gb Wi-Fi + Cellular Space Gray,Apple, iPad Pro 11 (2020),"экран 11""",встроенная память 128,камера 12Mpix
254,f7101890,441 190,Apple iPad Pro 11 (2020) 128Gb Wi-Fi Space Gray,Apple, iPad Pro 11 (2020),"экран 11""",встроенная память 128,камера 12Mpix
255,f7012399,887 000,Apple iPad Pro 12.9 (2020) 1Tb Wi-Fi + Cellular Space Gray,Apple, iPad Pro 12.9 (2020) 1Tb Wi-Fi + Cellular Space Gray,"экран 12.9""",встроенная память 1024,камера 12Mpix
256,f6903946,30 250,BQ BQ-7036L Hornet Black,BQ, BQ-7036L Hornet Black,"экран 7""",встроенная память 8,камера 2Mpix
257,f6639019,89 000,Xiaomi MiPad 4 64Gb LTE Gold,Xiaomi, MiPad 4,"экран 8""",встроенная память 64,камера 13Mpix
258,f7006337,705 900,Apple iPad Pro 11 (2020) 1Tb Wi-Fi Space Gray,Apple, iPad Pro 11 (2020) 1Tb Wi-Fi Space Gray,"экран 11""",встроенная память 1024,камера 12Mpix
259,f7006328,534 500,Apple iPad Pro 11 (2020) 128Gb Wi-Fi + Cellular Space Gray,Apple, iPad Pro 11 (2020),"экран 11""",встроенная память 128,камера 12Mpix
260,f6996764,253 580,Apple iPad Air 10.5 (2019) 64Gb Wi-Fi Space Gray,Apple, iPad Air 10.5 (2019),"экран 10.5""",встроенная память 64,камера 8Mpix
261,f6996848,253 580,Apple iPad Air 10.5 (2019) 64Gb Wi-Fi Silver,Apple, iPad Air 10.5 (2019),"экран 10.5""",встроенная память 64,камера 8Mpix
262,f6596994,89 000,Samsung Galaxy Tab A 10.1 SM-T515 32Gb Black,Samsung, Galaxy Tab A 10.1 SM-T515,"экран 10.1""",встроенная память 32,камера 8Mpix
263,f6889422,113 710,Huawei Mediapad T3 10 16Gb LTE Grey,Huawei, Mediapad T3 10,"экран 9.6""",встроенная память 16,камера 5Mpix
264,f6888706,214 610,Планшет ASUS Transformer Mini T102HA-GR012T,Планшет, ASUS Transformer Mini T102HA-GR012T,Not Found,Not Found,Not Found
265,f7151504,214 779,Apple 10.2-inch iPad MYLA2RU/A,Apple, 10.2-inch iPad MYLA2RU/A,Not Found,Not Found,Not Found
266,f7151471,361 724,Apple 10.2-inch iPad Space Grey MYML2RU/A,Apple, 10.2-inch iPad Space Grey MYML2RU/A,Not Found,Not Found,Not Found
267,f6852361,630 480,Apple iPad Pro 11 (2020) 1Tb Wi-Fi + Cellular Space Gray,Apple, iPad Pro 11 (2020) 1Tb Wi-Fi + Cellular Space Gray,"экран 11""",встроенная память 1024,камера 12Mpix
268,f6566277,29 590,BQ BQ-7098G Armor Power Cammo Winter,BQ, BQ-7098G Armor Power Cammo Winter,"экран 7""",встроенная память 8,камера 2Mpix
269,f6267165,272 200,Apple iPad mini Wi-Fi 64GB - Space Grey MUQW2RU/A,Apple, iPad mini Wi-Fi,Not Found,Not Found,Not Found
270,f6870096,616 764,Apple iPad Pro (2020) 11 MY2V2RU/A,Apple, iPad Pro (2020) 11 MY2V2RU/A,Not Found,Not Found,Not Found
271,f6253799,368 427,Apple iPad mini Wi-Fi + Cellular 64GB - Silver MUX62RU/A,Apple, iPad mini Wi-Fi + Cellular,Not Found,Not Found,Not Found
272,f6949124,96 202,Huawei MatePad T8 53010XYV,Huawei, MatePad T8 53010XYV,Not Found,Not Found,Not Found
273,f7112745,213 900,Apple iPad 8th gen 10.2 (2020) 128Gb Wi-Fi Space Gray,Apple, iPad 8th gen 10.2 (2020),"экран 10.2""",встроенная память 128,камера 8Mpix
274,f7112746,290 000,Apple iPad 8th gen 10.2 (2020) 128Gb Wi-Fi + Cellular Space Gray,Apple, iPad 8th gen 10.2 (2020),"экран 10.2""",встроенная память 128,камера 8Mpix
275,f6894674,453 000,Apple iPad Pro 12.9 (2020) 128Gb Wi-Fi Space Gray,Apple, iPad Pro 12.9 (2020),"экран 12.9""",встроенная память 128,камера 12Mpix
276,f7150442,213 500,Apple iPad 8th gen 10.2 (2020) 128Gb Wi-Fi Gold,Apple, iPad 8th gen 10.2 (2020),"экран 10.2""",встроенная память 128,камера 8Mpix
277,f7101980,61 587,Lenovo Tab M8 TB-8505F 32Gb,Lenovo, Tab M8 TB-8505F,"экран 8""",встроенная память 32,камера 5Mpix
278,f7101974,55 858,Lenovo Tab M7 TB-7305X 32Gb LTE,Lenovo, Tab M7 TB-7305X,"экран 7""",встроенная память 32,камера 2Mpix
279,f6215429,397 643,Apple 10.5-inch iPad Air Wi-Fi + Cellular 64GB - Space Grey MV0D2RU/A,Apple, 10.5-inch iPad Air Wi-Fi + Cellular,Not Found,Not Found,Not Found
280,f7016543,514 507,Samsung Galaxy Tab S7+ SM-T970 Black SM-T970NZKASER,Samsung, Galaxy Tab S7+ SM-T970 Black SM-T970NZKASER,Not Found,Not Found,Not Found
281,f6640771,25 190,BQ BQ-7000G Charm Black,BQ, BQ-7000G Charm Black,"экран 7""",встроенная память 8,камера 2Mpix
282,f6641564,27 690,BQ BQ-7082G Armor Print3,BQ, BQ-7082G Armor Print3,"экран 7""",встроенная память 8,камера 2Mpix
283,f7077603,35 190,BQ BQ-8068L Hornet Plus Pro Black,BQ, BQ-8068L Hornet Plus Pro Black,"экран 8.1""",встроенная память 16,камера 5Mpix
284,f6566203,30 790,BQ BQ-1081G Black,BQ, BQ-1081G Black,"экран 10.1""",встроенная память 8,камера 2Mpix
285,f7138123,29 590,BQ BQ-7040G Charm Plus Black,BQ, BQ-7040G Charm Plus Black,"экран 7""",встроенная память 16,камера 2Mpix
286,f7080468,307 900,Samsung Galaxy Tab S7 11.0 SM-T875 LTE 128Gb Mystic Black,Samsung, Galaxy Tab S7 11.0 SM-T875 LTE,"экран 11""",встроенная память 128,камера 13Mpix
287,f7139499,144 585,Lenovo Yoga Tablet YT-X705F ZA3V0063RU,Lenovo, Yoga Tablet YT-X705F ZA3V0063RU,Not Found,Not Found,Not Found
288,f6299995,31 900,Lenovo Tab E7 TB-7104F 16Gb Black,Lenovo, Tab E7 TB-7104F,"экран 7""",встроенная память 16,камера 2Mpix
289,f7080470,307 900,Samsung Galaxy Tab S7 11.0 SM-T875 LTE 128Gb Mystic Bronze,Samsung, Galaxy Tab S7 11.0 SM-T875 LTE,"экран 11""",встроенная память 128,камера 13Mpix
290,f6526357,60 700,Samsung Galaxy Tab A 8.0 SM-T295 LTE 32Gb Silver,Samsung, Galaxy Tab A 8.0 SM-T295 LTE,"экран 8""",встроенная память 32,камера 8Mpix
291,f6460930,78 600,Samsung Galaxy Tab A 10.1 SM-T515 32Gb Black,Samsung, Galaxy Tab A 10.1 SM-T515,"экран 10.1""",встроенная память 32,камера 8Mpix
292,f6460929,82 900,Samsung Galaxy Tab A 10.1 SM-T515 32Gb Gold,Samsung, Galaxy Tab A 10.1 SM-T515,"экран 10.1""",встроенная память 32,камера 8Mpix
293,f6867962,248 700,Samsung Galaxy Tab S6 Lite LTE 64GB Grey SM-P615NZAASER,Samsung, Galaxy Tab S6 Lite LTE,Not Found,Not Found,Not Found
294,f6904871,307 845,Samsung Galaxy Tab S6 10.5 SM-T865 LTE 128Gb Grey,Samsung, Galaxy Tab S6 10.5 SM-T865 LTE,"экран 10.5""",встроенная память 128,камера 13Mpix
295,f6627742,39 927,BQ BQ-7082G Armor Print8,BQ, BQ-7082G Armor Print8,"экран 7""",встроенная память 8,камера 2Mpix
296,f6996125,57 981,Huawei MediaPad,Huawei, MediaPad,Not Found,Not Found,Not Found
297,f6814122,37 350,Lenovo Tab M7 TB-7305I 16Gb Grey,Lenovo, Tab M7 TB-7305I,"экран 7""",встроенная память 16,камера 2Mpix
298,f7146409,29 960,Планшет BQ-1081G 3G white белый ST23377,Планшет, BQ-1081G 3G white белый ST23377,Not Found,Not Found,Not Found
299,f7146239,34 440,Планшет BQ-1081G 3G Black ST22028,Планшет, BQ-1081G 3G Black ST22028,Not Found,Not Found,Not Found
300,f7145948,35 840,Планшет BQ-8068L Hornet Plus Pro black LTE ST24425,Планшет, BQ-8068L Hornet Plus Pro black LTE ST24425,Not Found,Not Found,Not Found
301,f7145876,2 209,Обучающий планшет Русско-Казахский X-RKB TKZRU-B АА батареи 1.5V,Обучающий, планшет Русско-Казахский X-RKB TKZRU-B АА батареи 1.5V,Not Found,Not Found,Not Found
302,f7104506,166 000,Apple iPad 8th gen 10.2 (2020) 32Gb Wi-Fi Space Gray,Apple, iPad 8th gen 10.2 (2020),"экран 10.2""",встроенная память 32,камера 8Mpix
303,f7010086,325 790,Samsung Galaxy Tab S7 11.0 SM-T875 LTE 128Gb Mystic Black,Samsung, Galaxy Tab S7 11.0 SM-T875 LTE,"экран 11""",встроенная память 128,камера 13Mpix
304,f7056481,401 490,Samsung Galaxy Tab S7 Plus 12.4 SM-T975 LTE 128Gb Mystic Bronze,Samsung, Galaxy Tab S7 Plus 12.4 SM-T975 LTE,"экран 12.4""",встроенная память 128,камера 13Mpix
305,f7056485,401 490,Samsung Galaxy Tab S7 Plus 12.4 SM-T975 LTE 128Gb Mystic Black,Samsung, Galaxy Tab S7 Plus 12.4 SM-T975 LTE,"экран 12.4""",встроенная память 128,камера 13Mpix
306,f6876956,90 190,Samsung Galaxy Tab A 10.1 SM-T515 32Gb Gold,Samsung, Galaxy Tab A 10.1 SM-T515,"экран 10.1""",встроенная память 32,камера 8Mpix
307,f6876955,90 190,Samsung Galaxy Tab A 10.1 SM-T515 32Gb Black,Samsung, Galaxy Tab A 10.1 SM-T515,"экран 10.1""",встроенная память 32,камера 8Mpix
308,f6783557,182 300,Apple iPad 10.2 (2019) 128Gb Wi-Fi Space Gray,Apple, iPad 10.2 (2019),"экран 10.2""",встроенная память 128,камера 8Mpix
309,f6783568,242 000,Apple iPad Air 10.5 (2019) 64Gb Wi-Fi + Cellular Silver,Apple, iPad Air 10.5 (2019),"экран 10.5""",встроенная память 64,камера 8Mpix
310,f7098887,213 900,Apple iPad 8th gen 10.2 (2020) 128Gb Wi-Fi Silver,Apple, iPad 8th gen 10.2 (2020),"экран 10.2""",встроенная память 128,камера 8Mpix
311,f7005199,149 400,Samsung Galaxy Tab S6 Lite 10.4 SM-P615 LTE 64Gb Blue,Samsung, Galaxy Tab S6 Lite 10.4 SM-P615 LTE,"экран 10.4""",встроенная память 64,камера 8Mpix
312,f6675106,28 725,BQ BQ-7040G Charm Plus Black,BQ, BQ-7040G Charm Plus Black,"экран 7""",встроенная память 16,камера 2Mpix
313,f7141626,275 159,Apple 10.9-inch iPad Air Wi-Fi 64GB 3H183HC/A,Apple, 10.9-inch iPad Air Wi-Fi,Not Found,Not Found,Not Found
314,f7141598,49 020,BQ 8077 exion plus 3+32GB silver 8077 silver,BQ, 8077 exion plus,Not Found,Not Found,Not Found
315,f7141597,48 450,BQ 1022L Armor PRO bq-1022 print08,BQ, 1022L Armor PRO bq-1022 print08,Not Found,Not Found,Not Found
316,f7136689,164 072,Apple iPad 10.2 (2019) 32Gb Wi-Fi Space Gray,Apple, iPad 10.2 (2019),"экран 10.2""",встроенная память 32,камера 8Mpix
317,f6741272,74 691,"Планшет Samsung Galaxy Tab A 8"", SM-T295NZKASKZ, Black(011689)",Планшет," Samsung Galaxy Tab A 8"", SM-T295NZKASKZ, Black(011689)",Not Found,Not Found,Not Found
318,f7136638,38 750,Lenovo Tab M7 TB-7305F 16Gb Black,Lenovo, Tab M7 TB-7305F,"экран 7""",встроенная память 16,камера 2Mpix
319,f6740973,74 631,Samsung Galaxy Tab A 8.0 SM-T295 32Gb Silver,Samsung, Galaxy Tab A 8.0 SM-T295,"экран 8""",встроенная память 32,камера 8Mpix
320,f6740898,104 919,Samsung Galaxy Tab A 10.1 SM-T515 32Gb Black,Samsung, Galaxy Tab A 10.1 SM-T515,"экран 10.1""",встроенная память 32,камера 8Mpix
321,f6901861,319 674,Samsung Galaxy Tab S6 10.5 SM-T865 LTE 128Gb Brown,Samsung, Galaxy Tab S6 10.5 SM-T865 LTE,"экран 10.5""",встроенная память 128,камера 13Mpix
322,f6970357,317 484,Samsung Galaxy Tab S6 10.5 SM-T865 LTE 128Gb Grey,Samsung, Galaxy Tab S6 10.5 SM-T865 LTE,"экран 10.5""",встроенная память 128,камера 13Mpix
323,f7136747,37 628,"Планшет Prestigio Wize 3151 3G, PMT3151 3G D CIS, Single SIM",Планшет," Prestigio Wize 3151 3G, PMT3151 3G D CIS, Single SIM",Not Found,Not Found,Not Found
324,f6879072,23 874,"Планшет Prestigio Grace PMT4117 3G, Black(147409)",Планшет," Prestigio Grace PMT4117 3G, Black(147409)",Not Found,Not Found,Not Found
325,f6475364,76 988,Samsung Galaxy Tab A 8.0 SM-T295 32Gb Black,Samsung, Galaxy Tab A 8.0 SM-T295,"экран 8""",встроенная память 32,камера 8Mpix
326,f7070303,55 040,Samsung Galaxy Tab A 8.0 SM-T290 32Gb Silver,Samsung, Galaxy Tab A 8.0 SM-T290,"экран 8""",встроенная память 32,камера 8Mpix
327,f7070293,329 380,Samsung Galaxy Tab S7 11.0 SM-T875 LTE 128Gb Mystic Black,Samsung, Galaxy Tab S7 11.0 SM-T875 LTE,"экран 11""",встроенная память 128,камера 13Mpix
328,f7070298,329 380,Samsung Galaxy Tab S7 11.0 SM-T875 LTE 128Gb Mystic Silver,Samsung, Galaxy Tab S7 11.0 SM-T875 LTE,"экран 11""",встроенная память 128,камера 13Mpix
329,f7021165,752 500,Apple iPad Pro 12.9 (2020) 1Tb Wi-Fi + Cellular Silver,Apple, iPad Pro 12.9 (2020) 1Tb Wi-Fi + Cellular Silver,"экран 12.9""",встроенная память 1024,камера 12Mpix
330,f7101179,414 090,Samsung Galaxy Tab S7 Plus 12.4 SM-T975 LTE 128Gb Mystic Black,Samsung, Galaxy Tab S7 Plus 12.4 SM-T975 LTE,"экран 12.4""",встроенная память 128,камера 13Mpix
331,f7065510,172 000,Apple iPad 8th gen 10.2 (2020) 32Gb Wi-Fi Space Gray,Apple, iPad 8th gen 10.2 (2020),"экран 10.2""",встроенная память 32,камера 8Mpix
332,f7065509,172 000,Apple iPad 8th gen 10.2 (2020) 32Gb Wi-Fi Gold,Apple, iPad 8th gen 10.2 (2020),"экран 10.2""",встроенная память 32,камера 8Mpix
333,f7065511,172 000,Apple iPad 8th gen 10.2 (2020) 32Gb Wi-Fi Silver,Apple, iPad 8th gen 10.2 (2020),"экран 10.2""",встроенная память 32,камера 8Mpix
334,f6894944,63 210,Samsung Galaxy Tab A 8.0 SM-T295 LTE 32Gb Black,Samsung, Galaxy Tab A 8.0 SM-T295 LTE,"экран 8""",встроенная память 32,камера 8Mpix
335,f6877746,455 800,Apple iPad Pro 12.9 (2020) 128Gb Wi-Fi Silver,Apple, iPad Pro 12.9 (2020),"экран 12.9""",встроенная память 128,камера 12Mpix
336,f7065506,215 000,Apple iPad 8th gen 10.2 (2020) 128Gb Wi-Fi Gold,Apple, iPad 8th gen 10.2 (2020),"экран 10.2""",встроенная память 128,камера 8Mpix
337,f6877745,455 800,Apple iPad Pro 12.9 (2020) 128Gb Wi-Fi Space Gray,Apple, iPad Pro 12.9 (2020),"экран 12.9""",встроенная память 128,камера 12Mpix
338,f6852308,589 100,Apple iPad Pro 11 (2020) 512Gb Wi-Fi + Cellular Silver,Apple, iPad Pro 11 (2020),"экран 11""",встроенная память 512,камера 12Mpix
339,f6852623,507 400,Apple iPad Pro 12.9 (2020) 256Gb Wi-Fi Space Gray,Apple, iPad Pro 12.9 (2020),"экран 12.9""",встроенная память 256,камера 12Mpix
340,f6852712,559 000,Apple iPad Pro 12.9 (2020) 256Gb Wi-Fi + Cellular Silver,Apple, iPad Pro 12.9 (2020),"экран 12.9""",встроенная память 256,камера 12Mpix
341,f6779090,365 500,Apple iPad Pro 11 (2018) 256Gb Wi-Fi Space Gray,Apple, iPad Pro 11 (2018),"экран 11""",встроенная память 256,камера 12Mpix
342,f6592518,215 000,Apple iPad Air 10.5 (2019) 64Gb Wi-Fi Gold,Apple, iPad Air 10.5 (2019),"экран 10.5""",встроенная память 64,камера 8Mpix
343,f6406196,149 640,Samsung Galaxy Tab S5e 10.5 SM-T725 64Gb Black,Samsung, Galaxy Tab S5e 10.5 SM-T725,"экран 10.5""",встроенная память 64,камера 13Mpix
344,f6406197,149 640,Samsung Galaxy Tab S5e 10.5 SM-T725 64Gb Gold,Samsung, Galaxy Tab S5e 10.5 SM-T725,"экран 10.5""",встроенная память 64,камера 13Mpix
345,f6963515,749 985,Apple iPad Pro 12.9 (2020) 1Tb Wi-Fi + Cellular Space Gray,Apple, iPad Pro 12.9 (2020) 1Tb Wi-Fi + Cellular Space Gray,"экран 12.9""",встроенная память 1024,камера 12Mpix
346,f6876931,511 500,Apple iPad Pro 12.9 (2020) 128Gb Wi-Fi + Cellular Space Gray,Apple, iPad Pro 12.9 (2020),"экран 12.9""",встроенная память 128,камера 12Mpix
347,f7077087,214 000,Apple iPad 8th gen 10.2 (2020) 128Gb Wi-Fi Space Gray,Apple, iPad 8th gen 10.2 (2020),"экран 10.2""",встроенная память 128,камера 8Mpix
348,f6837997,488 795,Apple iPad Pro 11 (2020) 256Gb Wi-Fi + Cellular Silver,Apple, iPad Pro 11 (2020),"экран 11""",встроенная память 256,камера 12Mpix
349,f7139845,423 985,Apple iPad Pro 11 (2020) 128Gb Wi-Fi + Cellular Silver,Apple, iPad Pro 11 (2020),"экран 11""",встроенная память 128,камера 12Mpix
350,f7074575,166 825,Apple iPad 8th gen 10.2 (2020) 32Gb Wi-Fi Space Gray,Apple, iPad 8th gen 10.2 (2020),"экран 10.2""",встроенная память 32,камера 8Mpix
351,f7074576,166 825,Apple iPad 8th gen 10.2 (2020) 32Gb Wi-Fi Silver,Apple, iPad 8th gen 10.2 (2020),"экран 10.2""",встроенная память 32,камера 8Mpix
352,f6527771,167 395,Apple iPad mini 5 (2019) 64Gb Wi-Fi Space Gray,Apple, iPad mini 5 (2019),"экран 7.9""",встроенная память 64,камера 8Mpix
353,f7139744,310 000,Apple iPad Air 4 (2020) 64Gb Wi-Fi Silver,Apple, iPad Air 4 (2020),"экран 10.9""",встроенная память 64,камера 12Mpix
354,f7139743,310 000,Apple iPad Air 4 (2020) 64Gb Wi-Fi Space Gray,Apple, iPad Air 4 (2020),"экран 10.9""",встроенная память 64,камера 12Mpix
355,f7113055,390 000,Apple iPad Air 4 (2020) 256Gb Wi-Fi Space Gray,Apple, iPad Air 4 (2020),"экран 10.9""",встроенная память 256,камера 12Mpix
356,f6785972,514 900,Microsoft Surface Pro 7 i5 8Gb 256Gb Platinum,Microsoft, Surface Pro 7 i5,"экран 12.3""",встроенная память 256,камера 8Mpix
357,f6870220,415 000,Apple iPad Pro 11 (2020) 256Gb Wi-Fi Space Gray,Apple, iPad Pro 11 (2020),"экран 11""",встроенная память 256,камера 12Mpix
358,f5616096,40 765,Lenovo Tab 4 TB-7304i 16Gb,Lenovo, Tab 4 TB-7304i,"экран 7""",встроенная память 16,камера 2Mpix
359,f7138793,38 080,BQ BQ-8068L Hornet Plus Pro Black,BQ, BQ-8068L Hornet Plus Pro Black,"экран 8.1""",встроенная память 16,камера 5Mpix
360,f7053807,89 000,Samsung Galaxy Tab A 10.1 SM-T515 32Gb Black,Samsung, Galaxy Tab A 10.1 SM-T515,"экран 10.1""",встроенная память 32,камера 8Mpix
361,f7069144,295 900,Samsung Galaxy Tab S7 11.0 SM-T875 LTE 128Gb Mystic Bronze,Samsung, Galaxy Tab S7 11.0 SM-T875 LTE,"экран 11""",встроенная память 128,камера 13Mpix
362,f7053909,235 000,Samsung Galaxy Tab S6 10.5 SM-T865 LTE 128Gb Grey,Samsung, Galaxy Tab S6 10.5 SM-T865 LTE,"экран 10.5""",встроенная память 128,камера 13Mpix
363,f7069145,380 900,Samsung Galaxy Tab S7 Plus 12.4 SM-T976B LTE/5G 128Gb Mystic Black,Samsung, Galaxy Tab S7 Plus 12.4 SM-T976B LTE/5G,"экран 12.4""",встроенная память 128,камера 13Mpix
364,f7069146,380 900,Samsung Galaxy Tab S7 Plus 12.4 SM-T976B LTE/5G 128Gb Mystic Bronze,Samsung, Galaxy Tab S7 Plus 12.4 SM-T976B LTE/5G,"экран 12.4""",встроенная память 128,камера 13Mpix
365,f7053942,159 900,Samsung Galaxy Tab S5e 10.5 SM-T725 64Gb Gold,Samsung, Galaxy Tab S5e 10.5 SM-T725,"экран 10.5""",встроенная память 64,камера 13Mpix
366,f6803542,63 990,Samsung Galaxy Tab A 8.0 SM-T295 LTE 32Gb Black,Samsung, Galaxy Tab A 8.0 SM-T295 LTE,"экран 8""",встроенная память 32,камера 8Mpix
367,f7138551,453 190,Apple iPad Pro 12.9 (2020) 128Gb Wi-Fi Space Gray,Apple, iPad Pro 12.9 (2020),"экран 12.9""",встроенная память 128,камера 12Mpix
368,f7138459,214 430,Apple iPad 8th gen 10.2 (2020) 128Gb Wi-Fi Silver,Apple, iPad 8th gen 10.2 (2020),"экран 10.2""",встроенная память 128,камера 8Mpix
369,f7138457,166 830,Apple iPad 8th gen 10.2 (2020) 32Gb Wi-Fi Silver,Apple, iPad 8th gen 10.2 (2020),"экран 10.2""",встроенная память 32,камера 8Mpix
370,f7138456,166 830,Apple iPad 8th gen 10.2 (2020) 32Gb Wi-Fi Gold,Apple, iPad 8th gen 10.2 (2020),"экран 10.2""",встроенная память 32,камера 8Mpix
371,f7138455,166 830,Apple iPad 8th gen 10.2 (2020) 32Gb Wi-Fi Space Gray,Apple, iPad 8th gen 10.2 (2020),"экран 10.2""",встроенная память 32,камера 8Mpix
372,f6869751,313 000,Samsung Galaxy Tab S6 10.5 SM-T865 LTE 128Gb Grey,Samsung, Galaxy Tab S6 10.5 SM-T865 LTE,"экран 10.5""",встроенная память 128,камера 13Mpix
373,f7006699,74 140,Samsung Galaxy Tab A 8.0 SM-T295 32Gb Silver,Samsung, Galaxy Tab A 8.0 SM-T295,"экран 8""",встроенная память 32,камера 8Mpix
374,f7138277,30 130,BQ BQ-7040G Charm Plus Gold,BQ, BQ-7040G Charm Plus Gold,"экран 7""",встроенная память 16,камера 2Mpix
