,ID,Price,Name,Mark,Model,Size,Volume,Main camera,Front camera,RAM
0,f7104919,404 681,Apple iPhone 12 128Gb,Apple, iPhone 12,"экран 6.1""",128Гб,12Mpix,12Mpix,4 Гб
1,f6573307,262 650,Apple iPhone 11 64Gb,Apple, iPhone 11,"экран 6.1""",64Гб,12Mpix,12Mpix,3 Гб
2,f6573308,282 040,Apple iPhone 11 128Gb,Apple, iPhone 11,"экран 6.1""",128Гб,12Mpix,12Mpix,4 Гб
3,f7054431,302 000,Samsung Galaxy Note20 8/256Gb,Samsung, Galaxy Note20,Not Found,Not Found,Not Found,Not Found,Not Found
4,f7141949,186 100,Apple iPhone SE (2020) 128Gb White,Apple, iPhone SE (2020),"экран 4.7""",128Гб,12Mpix,7Mpix,3 Гб
5,f6877444,168 000,Apple iPhone SE (2020) 64Gb Black,Apple, iPhone SE (2020),"экран 4.7""",64Гб,12Mpix,7Mpix,3 Гб
6,f6570503,262 700,Apple iPhone 11 64Gb Black,Apple, iPhone 11,"экран 6.1""",64Гб,12Mpix,12Mpix,4 Гб
7,f7110477,559 000,Apple iPhone 12 Pro 128Gb Pacific Blue,Apple, iPhone 12 Pro,"экран 6.1""",128Гб,12Mpix,12Mpix,6 Гб
8,f7055920,117 000,Samsung Galaxy A71 6/128Gb Crush Black,Samsung, Galaxy A71,"экран 6.7""",128Гб,64Mpix,32Mpix,6 Гб
9,f7081226,110 000,Xiaomi Redmi Note 9 Pro 6/128Gb черный,Xiaomi, Redmi Note 9 Pro,"экран 6.67""",128Гб,64Mpix,16Mpix,6 Гб
10,f7138117,305 000,Apple iPhone 11 128Gb черный,Apple, iPhone 11,"экран 6.1""",128Гб,12Mpix,12Mpix,4 Гб
11,f7104751,404 550,Apple iPhone 12 128Gb,Apple, iPhone 12,"экран 6.1""",128Гб,12Mpix,12Mpix,6 Гб
12,f6984148,114 850,Xiaomi Redmi Note 9 Pro 6/128Gb,Xiaomi, Redmi Note 9 Pro,"экран 6.67""",128Гб,64Mpix,16Mpix,6 Гб
13,f7096278,214 500,Samsung Galaxy S20 FE 6/128Gb Cloud Navy,Samsung, Galaxy S20 FE,"экран 6.5""",128Гб,12Mpix,32Mpix,6 Гб
14,f7106007,536 200,Apple iPhone 12 Pro 128Gb,Apple, iPhone 12 Pro,"экран 6.1""",128Гб,12Mpix,12Mpix,6 Гб
15,f7126491,653 000,Apple iPhone 12 Pro Max 256Gb,Apple, iPhone 12 Pro Max,"экран 6.7""",256Гб,12Mpix,12Mpix,6 Гб
16,f7106011,597 000,Apple iPhone 12 Pro 256Gb,Apple, iPhone 12 Pro,"экран 6.1""",256Гб,12Mpix,12Mpix,6 Гб
17,f7126494,597 700,Apple iPhone 12 Pro Max 128Gb,Apple, iPhone 12 Pro Max,"экран 6.7""",128Гб,12Mpix,12Mpix,6 Гб
18,f6722723,87 590,Samsung Galaxy A51 4/64Gb,Samsung, Galaxy A51,"экран 6.5""",64Гб,48Mpix,32Mpix,4 Гб
19,f6807891,116 390,Samsung Galaxy A71 6/128Gb,Samsung, Galaxy A71,"экран 6.7""",128Гб,64Mpix,32Mpix,6 Гб
20,f6871635,186 195,Apple iPhone SE (2020) 128Gb,Apple, iPhone SE (2020),"экран 4.7""",128Гб,12Mpix,7Mpix,3 Гб
21,f7100882,109 300,Xiaomi Poco X3 NFC 6/128Gb,Xiaomi, Poco X3 NFC,"экран 6.67""",128Гб,64Mpix,20Mpix,6 Гб
22,f6722724,101 140,Samsung Galaxy A51 6/128Gb,Samsung, Galaxy A51,"экран 6.5""",128Гб,48Mpix,32Mpix,6 Гб
23,f6833189,145 495,Samsung Galaxy S10 Lite 6/128Gb,Samsung, Galaxy S10 Lite,"экран 6.7""",128Гб,48Mpix,32Mpix,6 Гб
24,f6804614,180 600,Samsung Galaxy A71 8/128Gb Crush Black,Samsung, Galaxy A71,"экран 6.7""",128Гб,64Mpix,32Mpix,8 Гб
25,f6875030,112 600,Xiaomi Redmi Note 9 Pro 6/128Gb Interstellar Gray,Xiaomi, Redmi Note 9 Pro,"экран 6.67""",128Гб,48Mpix,16Mpix,6 Гб
26,f7074750,126 500,Xiaomi Poco X3 NFC 6/128Gb Cobalt Blue,Xiaomi, Poco X3 NFC,"экран 6.67""",128Гб,64Mpix,20Mpix,6 Гб
27,f6965065,86 999,Xiaomi Redmi Note 9S 6/128Gb Glacier White,Xiaomi, Redmi Note 9S,"экран 6.67""",128Гб,48Mpix,16Mpix,6 Гб
28,f7004664,101 497,Xiaomi Redmi Note 9 Pro 6/128Gb Interstellar Gray,Xiaomi, Redmi Note 9 Pro,"экран 6.67""",128Гб,48Mpix,16Mpix,6 Гб
29,f7103457,116 391,Samsung Galaxy A71 6/128Gb,Samsung, Galaxy A71,Not Found,128Гб,Not Found,Not Found,Not Found
30,f6878591,101 497,Xiaomi Redmi Note 9 Pro 6/128Gb Tropical Green,Xiaomi, Redmi Note 9 Pro,"экран 6.67""",128Гб,48Mpix,16Mpix,6 Гб
31,f6804629,87 594,Samsung Galaxy A51 4/64Gb,Samsung, Galaxy A51,Not Found,Not Found,Not Found,Not Found,Not Found
32,f6804630,101 144,Samsung Galaxy A51 6/128Gb,Samsung, Galaxy A51,Not Found,Not Found,Not Found,Not Found,Not Found
33,f6897954,112 600,Xiaomi Redmi Note 9 Pro 6/128Gb Glacier White,Xiaomi, Redmi Note 9 Pro,"экран 6.67""",128Гб,48Mpix,16Mpix,6 Гб
34,f7062264,473 000,Samsung Galaxy Note20 Ultra 5G 12/256Gb Mystic Black,Samsung, Galaxy Note20 Ultra 5G,"экран 6.9""",256Гб,108Mpix,10Mpix,12 Гб
35,f6645956,305 000,Apple iPhone 11 128Gb White,Apple, iPhone 11,"экран 6.1""",128Гб,12Mpix,12Mpix,4 Гб
36,f6584007,305 000,Apple iPhone 11 128Gb Black,Apple, iPhone 11,"экран 6.1""",128Гб,12Mpix,12Mpix,4 Гб
37,f7129245,695 000,Apple iPhone 12 Pro Max 128Gb Graphite,Apple, iPhone 12 Pro Max,"экран 6.7""",128Гб,12Mpix,12Mpix,6 Гб
38,f7129244,695 000,Apple iPhone 12 Pro Max 128Gb Gold,Apple, iPhone 12 Pro Max,"экран 6.7""",128Гб,12Mpix,12Mpix,6 Гб
39,f7129279,305 000,Apple iPhone 11 128Gb Purple,Apple, iPhone 11,"экран 6.1""",128Гб,12Mpix,12Mpix,4 Гб
40,f7139281,369 791,Apple iPhone 11 64Gb Yellow,Apple, iPhone 11,"экран 6.1""",64Гб,12Mpix,12Mpix,4 Гб
41,f5940776,458 800,Apple iPhone Xs Max 512Gb (1 SIM) Silver,Apple, iPhone Xs Max,"экран 6.5""",512Гб,12Mpix,7Mpix,4 Гб
42,f6655257,288 000,Apple iPhone 11 128Gb Black,Apple, iPhone 11,"экран 6.1""",128Гб,12Mpix,12Mpix,4 Гб
43,f7077793,108 897,Xiaomi Poco X3 NFC 6/128Gb,Xiaomi, Poco X3 NFC,"экран 6.67""",128Гб,64Mpix,20Mpix,6 Гб
44,f5006680,198 260,Apple iPhone 8 64Gb Gold,Apple, iPhone 8,"экран 4.7""",64Гб,12Mpix,7Mpix,2 Гб
45,f6722649,87 578,Samsung Galaxy A51 4/64Gb,Samsung, Galaxy A51,"экран 6.5""",64Гб,64Mpix,32Mpix,4 Гб
46,f6685837,101 117,Samsung Galaxy A51 6/128Gb,Samsung, Galaxy A51,"экран 6.5""",128Гб,48Mpix,32Mpix,6 Гб
47,f6688901,282 131,Apple iPhone 11 128Gb,Apple, iPhone 11,Not Found,128Гб,12Mpix,8Mpix,4 Гб
48,f7129246,695 000,Apple iPhone 12 Pro Max 128Gb Silver,Apple, iPhone 12 Pro Max,"экран 6.7""",128Гб,12Mpix,12Mpix,6 Гб
49,f7128750,549 560,Apple iPhone 12 Pro 128Gb Silver,Apple, iPhone 12 Pro,"экран 6.1""",128Гб,12Mpix,12Mpix,6 Гб
50,f5961919,245 500,Apple iPhone Xr 64Gb (1 SIM),Apple, iPhone Xr,Not Found,64Гб,12Mpix,Not Found,Not Found
51,f7077794,90 718,Xiaomi Redmi Note 9 Pro 6/64Gb,Xiaomi, Redmi Note 9 Pro,"экран 6.67""",64Гб,64Mpix,16Mpix,6 Гб
52,f6639014,59 990,Xiaomi Redmi 7 3/64Gb Blue,Xiaomi, Redmi 7,"экран 6.26""",64Гб,12Mpix,8Mpix,3 Гб
53,f7147163,69 490,Samsung Galaxy A21s 3/32Gb Black,Samsung, Galaxy A21s,"экран 6.5""",32Гб,48Mpix,13Mpix,3 Гб
54,f6688896,262 981,Apple iPhone 11 64Gb,Apple, iPhone 11,Not Found,64Гб,12Mpix,8Mpix,4 Гб
55,f7053889,413 900,Apple iPhone 11 Pro 64Gb Gold,Apple, iPhone 11 Pro,"экран 5.8""",64Гб,12Mpix,12Mpix,6 Гб
56,f7110878,110 500,Xiaomi Redmi Note 9 Pro 6/128Gb,Xiaomi, Redmi Note 9 Pro,Not Found,128Гб,Not Found,Not Found,6 Гб
57,f6587044,68 985,Xiaomi Redmi Note 8 4/64Gb,Xiaomi, Redmi Note 8,"экран 6.3""",64Гб,48Mpix,13Mpix,4 Гб
58,f6819070,101 200,Samsung Galaxy A51 6/128Gb Crush Black,Samsung, Galaxy A51,"экран 6.5""",128Гб,48Mpix,32Mpix,6 Гб
59,f7053798,90 717,Xiaomi Redmi Note 9 Pro 6/64Gb Tropical Green,Xiaomi, Redmi Note 9 Pro,"экран 6.67""",64Гб,48Mpix,16Mpix,6 Гб
60,f7094563,536 369,Apple iPhone 12 Pro 128Gb Graphite,Apple, iPhone 12 Pro,"экран 6.1""",128Гб,12Mpix,12Mpix,6 Гб
61,f7053879,413 900,Apple iPhone 11 Pro 64Gb Space Gray,Apple, iPhone 11 Pro,"экран 5.8""",64Гб,12Mpix,12Mpix,6 Гб
62,f7129335,653 100,Apple iPhone 12 Pro Max 256Gb Pacific Blue,Apple, iPhone 12 Pro Max,"экран 6.7""",256Гб,12Mpix,12Mpix,6 Гб
63,f7053793,90 718,Xiaomi Redmi Note 9 Pro 6/64Gb Glacier White,Xiaomi, Redmi Note 9 Pro,"экран 6.67""",64Гб,48Mpix,16Mpix,6 Гб
64,f6812013,27 688,Meizu C9 2/16Gb Black,Meizu, C9,"экран 5.45""",16Гб,13Mpix,8Mpix,Not Found
65,f7129243,690 770,Apple iPhone 12 Pro Max 128Gb Pacific Blue,Apple, iPhone 12 Pro Max,"экран 6.7""",128Гб,12Mpix,12Mpix,6 Гб
66,f7128748,549 560,Apple iPhone 12 Pro 128Gb Pacific Blue,Apple, iPhone 12 Pro,"экран 6.1""",128Гб,12Mpix,12Mpix,6 Гб
67,f6805041,116 371,Samsung Galaxy A71 6/128Gb,Samsung, Galaxy A71,"экран 6.7""",128Гб,64Mpix,32Mpix,6 Гб
68,f7077796,101 638,Xiaomi Redmi Note 9 Pro 6/128Gb,Xiaomi, Redmi Note 9 Pro,"экран 6.67""",128Гб,64Mpix,16Mpix,6 Гб
69,f6577002,263 480,Apple iPhone 11 64Gb Green,Apple, iPhone 11,"экран 6.1""",64Гб,12Mpix,12Mpix,4 Гб
70,f6563384,282 045,Apple iPhone 11 128Gb Green,Apple, iPhone 11,"экран 6.1""",128Гб,12Mpix,12Mpix,4 Гб
71,f7066962,124 000,Xiaomi Mi Note 10 Lite 6/64Gb Midnight Black,Xiaomi, Mi Note 10 Lite,"экран 6.47""",64Гб,64Mpix,16Mpix,6 Гб
72,f6564072,282 120,Apple iPhone 11 128Gb Black,Apple, iPhone 11,"экран 6.1""",128Гб,12Mpix,12Mpix,4 Гб
73,f6876894,207 000,Apple iPhone SE (2020) 128Gb White,Apple, iPhone SE (2020),"экран 4.7""",128Гб,12Mpix,7Mpix,3 Гб
74,f5961740,297 390,Apple iPhone Xr 128Gb (1 SIM) Yellow,Apple, iPhone Xr,"экран 6.1""",128Гб,12Mpix,7Mpix,3 Гб
75,f7053869,325 000,Samsung Galaxy Note20 8/256Gb Mystic Bronze,Samsung, Galaxy Note20,"экран 6.7""",256Гб,12Mpix,10Mpix,8 Гб
76,f6568841,408 000,Apple iPhone 11 Pro 64Gb Gold,Apple, iPhone 11 Pro,"экран 5.8""",64Гб,12Mpix,12Mpix,6 Гб
77,f6506787,428 500,Apple iPhone 11 Pro 64Gb Gold,Apple, iPhone 11 Pro,"экран 5.8""",64Гб,12Mpix,12Mpix,6 Гб
78,f6877679,232 150,OnePlus 8 8/128Gb,OnePlus, 8,"экран 6.55""",128Гб,48Mpix,16Mpix,8 Гб
79,f6564070,262 650,Apple iPhone 11 64Gb Purple,Apple, iPhone 11,"экран 6.1""",64Гб,12Mpix,12Mpix,4 Гб
80,f6564451,262 650,Apple iPhone 11 64Gb White,Apple, iPhone 11,"экран 6.1""",64Гб,12Mpix,12Mpix,4 Гб
81,f7100145,214 650,Samsung Galaxy S20 FE 6/128Gb Cloud Mint,Samsung, Galaxy S20 FE,"экран 6.5""",128Гб,12Mpix,32Mpix,6 Гб
82,f6466978,73 900,Xiaomi Redmi Note 7 4/64Gb Moonlight White,Xiaomi, Redmi Note 7,"экран 6.3""",64Гб,48Mpix,13Mpix,4 Гб
83,f6698954,87 590,Samsung Galaxy A51 4/64Gb White,Samsung, Galaxy A51,"экран 6.5""",64Гб,48Mpix,32Mpix,4 Гб
84,f7087884,386 125,Apple iPhone 12 64Gb Blue,Apple, iPhone 12,"экран 6.1""",64Гб,12Mpix,12Mpix,6 Гб
85,f7087881,386 125,Apple iPhone 12 64Gb Black,Apple, iPhone 12,"экран 6.1""",64Гб,12Mpix,12Mpix,6 Гб
86,f4915669,152 500,Apple iPhone 7 32Gb Rose Gold,Apple, iPhone 7,"экран 4.7""",32Гб,12Mpix,7Mpix,2 Гб
87,f6670848,163 400,Google PIXEL 3A XL 64GB Black,Google, PIXEL 3A XL,Not Found,Not Found,Not Found,Not Found,Not Found
88,f7129252,728 990,Apple iPhone 12 Pro Max 256Gb Graphite,Apple, iPhone 12 Pro Max,"экран 6.7""",256Гб,12Mpix,12Mpix,6 Гб
89,f5006676,198 260,Apple iPhone 8 64Gb Silver,Apple, iPhone 8,"экран 4.7""",64Гб,12Mpix,7Mpix,2 Гб
90,f6834779,15 819,Nokia 216 Dual Sim Black,Nokia, 216 Dual Sim Black,"экран 2.4""",Not Found,0.3Mpix,Not Found,Not Found
91,f6826089,145 490,Samsung Galaxy S10 Lite 6/128Gb Prism Blue,Samsung, Galaxy S10 Lite,"экран 6.7""",128Гб,48Mpix,32Mpix,6 Гб
92,f7053924,101 498,Xiaomi Redmi Note 9 Pro 6/128Gb Glacier White,Xiaomi, Redmi Note 9 Pro,"экран 6.67""",128Гб,48Mpix,16Mpix,6 Гб
93,f7071498,110 000,Xiaomi Poco X3 NFC 6/128Gb Cobalt Blue,Xiaomi, Poco X3 NFC,"экран 6.67""",128Гб,64Mpix,20Mpix,6 Гб
94,f6577671,68 990,Xiaomi Redmi Note 8 4/64Gb Blue,Xiaomi, Redmi Note 8,Not Found,64Гб,48Mpix,Not Found,Not Found
95,f4915674,228 000,Apple iPhone 7 Plus 128Gb Black,Apple, iPhone 7 Plus,"экран 5.5""",128Гб,12Mpix,7Mpix,3 Гб
96,f5886582,479 900,Apple iPhone Xs Max 256Gb (1 SIM) Silver,Apple, iPhone Xs Max,"экран 6.5""",256Гб,12Mpix,7Mpix,4 Гб
97,f7077787,108 897,Xiaomi Poco X3 NFC 6/128Gb Cobalt Blue,Xiaomi, Poco X3 NFC,"экран 6.67""",128Гб,64Mpix,20Mpix,6 Гб
98,f6564071,262 650,Apple iPhone 11 64Gb Red,Apple, iPhone 11,"экран 6.1""",64Гб,12Mpix,12Mpix,4 Гб
99,f6617351,311 710,Apple iPhone 11 128Gb Black,Apple, iPhone 11,"экран 6.1""",128Гб,12Mpix,12Mpix,4 Гб
100,f7053901,194 900,Apple iPhone SE (2020) 64Gb Red,Apple, iPhone SE (2020),"экран 4.7""",64Гб,12Mpix,7Mpix,3 Гб
101,f7128749,549 560,Apple iPhone 12 Pro 128Gb Gold,Apple, iPhone 12 Pro,"экран 6.1""",128Гб,12Mpix,12Mpix,6 Гб
102,f7099707,494 500,Apple iPhone 12 64Gb Black,Apple, iPhone 12,"экран 6.1""",64Гб,12Mpix,12Mpix,6 Гб
103,f7101937,385 000,Apple iPhone 11 Pro Max 64Gb Midnight Green,Apple, iPhone 11 Pro Max,"экран 6.5""",64Гб,12Mpix,12Mpix,6 Гб
104,f6564485,282 050,Apple iPhone 11 128Gb White,Apple, iPhone 11,"экран 6.1""",128Гб,12Mpix,12Mpix,4 Гб
105,f6564073,282 050,Apple iPhone 11 128Gb Red,Apple, iPhone 11,"экран 6.1""",128Гб,12Mpix,12Mpix,4 Гб
106,f7106682,251 190,OnePlus 8T 8/128Gb Aquamarine Green,OnePlus, 8T,"экран 6.55""",128Гб,48Mpix,16Mpix,8 Гб
107,f7014552,95 000,Xiaomi Redmi Note 9 Pro 6/64Gb Interstellar Gray,Xiaomi, Redmi Note 9 Pro,"экран 6.67""",64Гб,48Mpix,16Mpix,6 Гб
108,f7139135,253 500,Apple iPhone 11 128Gb,Apple, iPhone 11,"экран 6.1""",128Гб,12Mpix,12Mpix,4 Гб
109,f6568808,290 000,Apple iPhone 11 64Gb Purple,Apple, iPhone 11,"экран 6.1""",64Гб,12Mpix,12Mpix,4 Гб
110,f7110465,269 990,Apple iPhone Xr 64Gb (1 SIM) Red,Apple, iPhone Xr,"экран 6.1""",64Гб,12Mpix,7Mpix,3 Гб
111,f7062279,268 900,Apple iPhone Xr 64Gb (2 SIM) Black,Apple, iPhone Xr,"экран 6.1""",64Гб,12Mpix,7Mpix,3 Гб
112,f6577042,469 330,Apple iPhone 11 Pro Max 256Gb Gold,Apple, iPhone 11 Pro Max,"экран 6.5""",256Гб,12Mpix,12Mpix,6 Гб
113,f3649062,113 412,ASUS ZenFone Selfie ZD551KL 32Gb,ASUS, ZenFone Selfie ZD551KL,"экран 5.5""",32Гб,13Mpix,Not Found,Not Found
114,f5291976,313 900,Apple iPhone X 64Gb Silver,Apple, iPhone X,"экран 5.8""",64Гб,12Mpix,Not Found,3 Гб
115,f7127425,423 500,Apple iPhone 11 Pro Max 64Gb,Apple, iPhone 11 Pro Max,"экран 6.5""",64Гб,12Mpix,12Mpix,6 Гб
116,f6685765,101 117,Samsung Galaxy A51 6/128Gb White,Samsung, Galaxy A51,"экран 6.5""",128Гб,48Mpix,32Mpix,6 Гб
117,f7043377,429 380,Samsung Galaxy Note20 Ultra 8/256Gb Mystic Bronze,Samsung, Galaxy Note20 Ultra,"экран 6.9""",256Гб,108Mpix,10Mpix,8 Гб
118,f7129271,354 990,Samsung Galaxy S20 Ultra 5G 12/128Gb Cosmic Grey,Samsung, Galaxy S20 Ultra 5G,"экран 6.9""",128Гб,108Mpix,40Mpix,12 Гб
119,f6655258,255 000,Apple iPhone Xr 64Gb (1 SIM) Black,Apple, iPhone Xr,"экран 6.1""",64Гб,12Mpix,7Mpix,3 Гб
120,f6903897,90 718,Xiaomi Redmi Note 9 Pro 6/64Gb Glacier White,Xiaomi, Redmi Note 9 Pro,"экран 6.67""",64Гб,48Mpix,16Mpix,6 Гб
121,f7139188,352 500,Apple iPhone 11 Pro Max 64Gb черный,Apple, iPhone 11 Pro Max,"экран 6.5""",64Гб,12Mpix,12Mpix,6 Гб
122,f5918508,265 000,Apple iPhone Xr 128Gb (1 SIM) White,Apple, iPhone Xr,"экран 6.1""",128Гб,12Mpix,7Mpix,3 Гб
123,f7129268,254 990,Samsung Galaxy S20 8/128Gb Cosmic Grey,Samsung, Galaxy S20,"экран 6.2""",128Гб,64Mpix,10Mpix,8 Гб
124,f7043525,167 650,OnePlus Nord 8/128Gb Blue Marble,OnePlus, Nord,"экран 6.44""",128Гб,48Mpix,32Mpix,8 Гб
125,f6568832,313 000,Apple iPhone 11 128Gb White,Apple, iPhone 11,"экран 6.1""",128Гб,12Mpix,12Mpix,4 Гб
126,f7053903,281 990,Apple iPhone 11 64Gb (2 SIM) Yellow,Apple, iPhone 11,"экран 6.1""",64Гб,12Mpix,12Mpix,4 Гб
127,f6577043,469 330,Apple iPhone 11 Pro Max 256Gb Silver,Apple, iPhone 11 Pro Max,"экран 6.5""",256Гб,12Mpix,12Mpix,6 Гб
128,f6856657,3 412,BQ BQ-1848 Step+ Black,BQ, BQ-1848 Step+ Black,"экран 1.77""",32Гб,Not Found,Not Found,Not Found
129,f7130837,401 000,Apple iPhone 11 Pro Max 256Gb Space Gray,Apple, iPhone 11 Pro Max,"экран 6.5""",256Гб,12Mpix,12Mpix,6 Гб
130,f6466907,35 900,Meizu C9 PRO 32Gb Black,Meizu, C9 PRO,"экран 5.45""",32Гб,13Mpix,13Mpix,3 Гб
131,f7067893,108 898,Xiaomi Poco X3 NFC 6/128Gb Shadow Gray,Xiaomi, Poco X3 NFC,"экран 6.67""",128Гб,64Mpix,20Mpix,6 Гб
132,f7066965,124 000,Xiaomi Mi Note 10 Lite 6/64Gb Nebula Purple,Xiaomi, Mi Note 10 Lite,"экран 6.47""",64Гб,64Mpix,16Mpix,6 Гб
133,f4915657,184 000,Apple iPhone 7 128Gb Black,Apple, iPhone 7,"экран 4.7""",128Гб,12Mpix,7Mpix,2 Гб
134,f6685860,262 981,Apple iPhone 11 64Gb White,Apple, iPhone 11,"экран 6.1""",64Гб,12Mpix,12Mpix,4 Гб
135,f7141720,3 739,Nobby 120,Nobby, 120,Not Found,Not Found,Not Found,Not Found,Not Found
136,f6903896,90 718,Xiaomi Redmi Note 9 Pro 6/64Gb Interstellar Gray,Xiaomi, Redmi Note 9 Pro,"экран 6.67""",64Гб,48Mpix,16Mpix,6 Гб
137,f6895136,249 400,Google Pixel 4 64GB Black,Google, Pixel 4,Not Found,Not Found,Not Found,Not Found,Not Found
138,f7110987,3 450,Nobby 100 Black-Grey,Nobby, 100 Black-Grey,"экран 1.77""",32Гб,Not Found,Not Found,Not Found
139,f6570587,548 000,Apple iPhone 11 Pro Max 256Gb Gold,Apple, iPhone 11 Pro Max,"экран 6.5""",256Гб,12Mpix,12Mpix,6 Гб
140,f6960319,3 705,BQ BQ-1848 Step+ Black,BQ, BQ-1848 Step+ Black,"экран 1.77""",32Гб,Not Found,Not Found,Not Found
141,f7129253,728 990,Apple iPhone 12 Pro Max 256Gb Gold,Apple, iPhone 12 Pro Max,"экран 6.7""",256Гб,12Mpix,12Mpix,6 Гб
142,f4446933,146 540,Apple iPhone 7 32Gb Rose Gold,Apple, iPhone 7,"экран 4.7""",32Гб,12Mpix,7Mpix,2 Гб
143,f5834912,230 000,Apple iPhone X 64Gb Space Gray,Apple, iPhone X,"экран 5.8""",64Гб,12Mpix,Not Found,3 Гб
144,f6639013,52 900,Xiaomi Redmi 7 3/32Gb Blue,Xiaomi, Redmi 7,"экран 6.26""",32Гб,12Mpix,8Mpix,3 Гб
145,f6902953,145 481,Samsung Galaxy S10 Lite 6/128Gb Prism Blue,Samsung, Galaxy S10 Lite,"экран 6.7""",128Гб,48Mpix,32Mpix,6 Гб
146,f7056726,70 940,Samsung Galaxy A31 4/64Gb Prism Crush Black,Samsung, Galaxy A31,"экран 6.4""",64Гб,48Mpix,20Mpix,4 Гб
147,f7106684,232 150,OnePlus 8 8/128Gb Interstellar Glow,OnePlus, 8,"экран 6.55""",128Гб,48Mpix,16Mpix,8 Гб
148,f6655266,280 000,Apple iPhone 11 64Gb Black,Apple, iPhone 11,"экран 6.1""",64Гб,12Mpix,12Mpix,4 Гб
149,f7055927,49 268,Samsung Galaxy A10 32Gb Red,Samsung, Galaxy A10,"экран 6.2""",32Гб,13Mpix,5Mpix,2 Гб
150,f7110478,655 000,Apple iPhone 12 Pro Max 256Gb Pacific Blue,Apple, iPhone 12 Pro Max,"экран 6.1""",256Гб,12Mpix,12Mpix,6 Гб
151,f7099372,560 000,Apple iPhone 12 Pro 128Gb Gold,Apple, iPhone 12 Pro,"экран 6.1""",128Гб,12Mpix,12Mpix,6 Гб
152,f7148084,66 900,TECNO Camon 12 Air Bay Blue,TECNO, Camon 12 Air Bay Blue,"экран 6.5""",32Гб,16Mpix,8Mpix,3 Гб
153,f7147012,66 900,TECNO Camon 12 Air Bay Blue,TECNO, Camon 12 Air Bay Blue,"экран 6.5""",32Гб,16Mpix,8Mpix,3 Гб
154,f7141107,456 499,Apple iPhone 12 Mini 256Gb Red,Apple, iPhone 12 Mini,"экран 5.4""",256Гб,12Mpix,12Mpix,6 Гб
155,f6568810,290 000,Apple iPhone 11 64Gb White,Apple, iPhone 11,"экран 6.1""",64Гб,12Mpix,12Mpix,4 Гб
156,f7110466,269 990,Apple iPhone Xr 64Gb (1 SIM) White,Apple, iPhone Xr,"экран 6.1""",64Гб,12Mpix,7Mpix,3 Гб
157,f6577026,448 190,Apple iPhone 11 Pro 256Gb Gold,Apple, iPhone 11 Pro,"экран 5.8""",256Гб,12Mpix,12Mpix,6 Гб
158,f7074505,70 990,Xiaomi Redmi Note 9 3/64Gb Polar White,Xiaomi, Redmi Note 9,"экран 6.53""",64Гб,48Mpix,13Mpix,3 Гб
159,f7130782,253 000,Apple iPhone 11 128Gb Black,Apple, iPhone 11,"экран 6.1""",128Гб,12Mpix,12Mpix,4 Гб
160,f7129391,161 000,Apple iPhone X 256Gb,Apple, iPhone X,"экран 5.8""",256Гб,12Mpix,Not Found,3 Гб
161,f7129247,728 990,Apple iPhone 12 Pro Max 256Gb Silver,Apple, iPhone 12 Pro Max,"экран 6.7""",256Гб,12Mpix,12Mpix,6 Гб
162,f4031466,146 540,Apple iPhone 7 32Gb,Apple, iPhone 7,"экран 4.7""",32Гб,12Mpix,7Mpix,2 Гб
163,f7013049,101 117,Samsung Galaxy A51 6/128Gb Silver,Samsung, Galaxy A51,"экран 6.5""",128Гб,48Mpix,32Mpix,6 Гб
164,f6658945,284 000,Apple iPhone 11 64Gb белый,Apple, iPhone 11,"экран 6.1""",64Гб,12Mpix,12Mpix,4 Гб
165,f7101540,536 300,Apple iPhone 12 Pro 128Gb Graphite,Apple, iPhone 12 Pro,"экран 6.1""",128Гб,12Mpix,12Mpix,6 Гб
166,f7138573,620 000,Apple iPhone 12 Pro Max 128Gb Silver,Apple, iPhone 12 Pro Max,"экран 6.7""",128Гб,12Mpix,12Mpix,6 Гб
167,f7099371,560 000,Apple iPhone 12 Pro 128Gb Graphite,Apple, iPhone 12 Pro,"экран 6.1""",128Гб,12Mpix,12Mpix,6 Гб
168,f7147110,42 900,TECNO Spark 4 Lite Midnight Black,TECNO, Spark 4 Lite Midnight Black,"экран 6.52""",32Гб,8Mpix,8Mpix,2 Гб
169,f6564235,250 000,Apple iPhone 11 64GB Yellow,Apple, iPhone 11,"экран 6.1""",64Гб,12Mpix,12Mpix,4 Гб
170,f6826318,87 700,Samsung Galaxy A51 4/64Gb Crush Black,Samsung, Galaxy A51,"экран 6.5""",64Гб,48Mpix,32Mpix,4 Гб
171,f7139891,360 999,Apple iPhone 12 Mini 64Gb White,Apple, iPhone 12 Mini,"экран 5.4""",64Гб,12Mpix,12Mpix,6 Гб
172,f7139193,401 000,Apple iPhone 11 Pro Max 256Gb черный,Apple, iPhone 11 Pro Max,"экран 6.5""",256Гб,12Mpix,12Mpix,6 Гб
173,f7139175,389 000,Apple iPhone 11 Pro 256Gb Black,Apple, iPhone 11 Pro,"экран 5.8""",256Гб,12Mpix,12Mpix,6 Гб
174,f7053883,281 990,Apple iPhone 11 64Gb (2 SIM) White,Apple, iPhone 11,"экран 6.1""",64Гб,12Mpix,12Mpix,4 Гб
175,f7130806,389 000,Apple iPhone 11 Pro 256Gb Space Gray,Apple, iPhone 11 Pro,"экран 5.8""",256Гб,12Mpix,12Mpix,6 Гб
176,f7129390,160 500,Apple iPhone X 256Gb,Apple, iPhone X,"экран 5.8""",256Гб,12Mpix,Not Found,3 Гб
177,f7129254,728 990,Apple iPhone 12 Pro Max 256Gb Pacific Blue,Apple, iPhone 12 Pro Max,"экран 6.7""",256Гб,12Mpix,12Mpix,6 Гб
178,f7113399,390 000,Google Pixel 5 8/128Gb Just Black,Google, Pixel 5,"экран 6""",128Гб,12Mpix,8Mpix,8 Гб
179,f6814208,142 655,Apple iPhone 6S 32Gb Silver,Apple, iPhone 6S,"экран 4.7""",16Гб,12Mpix,Not Found,2 Гб
180,f6506786,428 500,Apple iPhone 11 Pro 64Gb Space Gray,Apple, iPhone 11 Pro,"экран 5.8""",64Гб,12Mpix,12Mpix,6 Гб
181,f6100229,3 790,TeXet TM-130 Black,TeXet, TM-130 Black,"экран 1.77""",Not Found,Not Found,Not Found,Not Found
182,f7099820,214 415,Samsung Galaxy S20 FE 6/128Gb Cloud Navy,Samsung, Galaxy S20 FE,"экран 6.5""",128Гб,12Mpix,32Mpix,6 Гб
183,f7013050,87 578,Samsung Galaxy A51 4/64Gb Silver,Samsung, Galaxy A51,"экран 6.5""",64Гб,48Mpix,32Mpix,4 Гб
184,f6702214,87 578,Samsung Galaxy A51 4/64Gb Crush Black,Samsung, Galaxy A51,"экран 6.5""",64Гб,48Mpix,32Mpix,4 Гб
185,f7016689,301 720,Samsung Galaxy Note20 5G 8/256Gb Mystic Bronze,Samsung, Galaxy Note20 5G,"экран 6.7""",256Гб,12Mpix,10Mpix,8 Гб
186,f7087871,536 195,Apple iPhone 12 Pro 128Gb Gold,Apple, iPhone 12 Pro,"экран 6.1""",128Гб,12Mpix,12Mpix,6 Гб
187,f7087856,536 195,Apple iPhone 12 Pro 128Gb Silver,Apple, iPhone 12 Pro,"экран 6.1""",128Гб,12Mpix,12Mpix,6 Гб
188,f7014604,77 000,Samsung Galaxy A31 4/64Gb Prism Crush Black,Samsung, Galaxy A31,"экран 6.4""",64Гб,48Mpix,20Mpix,4 Гб
189,f7125844,610 000,Apple iPhone 12 Pro 256Gb Pacific Blue,Apple, iPhone 12 Pro,"экран 6.1""",256Гб,12Mpix,12Mpix,6 Гб
190,f7125846,610 000,Apple iPhone 12 Pro 256Gb Graphite,Apple, iPhone 12 Pro,"экран 6.1""",256Гб,12Mpix,12Mpix,6 Гб
191,f6566160,282 094,Apple iPhone 11 128Gb Green,Apple, iPhone 11,"экран 6.1""",128Гб,12Mpix,12Mpix,4 Гб
192,f7147171,74 900,TECNO Camon 15 Fascinating Purple,TECNO, Camon 15 Fascinating Purple,"экран 6.6""",64Гб,48Mpix,16Mpix,4 Гб
193,f7145495,9 839,TeXet TM-309,TeXet, TM-309,Not Found,Not Found,Not Found,Not Found,Not Found
194,f6387172,125 000,Apple iPhone 7 32Gb,Apple, iPhone 7,"экран 4.7""",32Гб,12Mpix,7Mpix,2 Гб
195,f6878527,90 718,Xiaomi Redmi Note 9 Pro 6/64Gb Tropical Green,Xiaomi, Redmi Note 9 Pro,"экран 6.67""",64Гб,48Mpix,16Mpix,6 Гб
196,f6909414,297 000,Samsung Galaxy S20 8/128Gb Aura Red,Samsung, Galaxy S20,"экран 6.2""",128Гб,64Mpix,10Mpix,8 Гб
197,f7126991,204 250,Google pixel 4a 128Gb Black,Google, pixel 4a,Not Found,Not Found,Not Found,Not Found,Not Found
198,f6895137,296 700,Google Pixel 4 128GB Black,Google, Pixel 4,Not Found,Not Found,Not Found,Not Found,Not Found
199,f6979307,209 900,Apple iPhone X 64Gb,Apple, iPhone X,"экран 5.8""",64Гб,12Mpix,Not Found,3 Гб
200,f7053859,462 900,Apple iPhone 11 Pro Max 64Gb Gold,Apple, iPhone 11 Pro Max,"экран 6.5""",64Гб,12Mpix,12Mpix,6 Гб
201,f6577041,469 330,Apple iPhone 11 Pro Max 256Gb Space Gray,Apple, iPhone 11 Pro Max,"экран 6.5""",256Гб,12Mpix,12Mpix,6 Гб
202,f7129388,160 000,Apple iPhone X 256Gb,Apple, iPhone X,"экран 5.8""",256Гб,12Mpix,Not Found,3 Гб
203,f7129186,70 000,Apple iPhone 6 серый,Apple, iPhone 6 серый,Not Found,64Гб,Not Found,Not Found,Not Found
204,f5961735,297 390,Apple iPhone Xr 128Gb (1 SIM) Coral,Apple, iPhone Xr,"экран 6.1""",128Гб,12Mpix,7Mpix,3 Гб
205,f6805033,116 371,Samsung Galaxy A71 6/128Gb Silver,Samsung, Galaxy A71,"экран 6.7""",128Гб,64Mpix,32Mpix,6 Гб
206,f6698959,101 140,Samsung Galaxy A51 6/128Gb White,Samsung, Galaxy A51,"экран 6.5""",128Гб,48Mpix,32Mpix,6 Гб
207,f6655255,469 300,Apple iPhone 11 Pro Max 256Gb Space Gray,Apple, iPhone 11 Pro Max,"экран 6.5""",256Гб,12Mpix,12Mpix,6 Гб
208,f6968092,145 500,Samsung Galaxy S10 Lite 6/128Gb Prism Black,Samsung, Galaxy S10 Lite,"экран 6.7""",128Гб,48Mpix,32Mpix,6 Гб
209,f7146972,4 712,Мобильный телефон BQ 1846 One Power чёрный+оранжевый ST28708,Мобильный, телефон BQ 1846 One Power чёрный+оранжевый ST28708,Not Found,Not Found,Not Found,Not Found,Not Found
210,f5322675,275 000,Apple iPhone X 256Gb,Apple, iPhone X,"экран 5.8""",256Гб,12Mpix,Not Found,3 Гб
211,f7052939,189 200,OnePlus Nord 12/256Gb Gray Onyx,OnePlus, Nord,"экран 6.44""",256Гб,48Mpix,32Mpix,12 Гб
212,f6895134,296 700,Google PIXEL 4 XL 64GB Black,Google, PIXEL 4 XL,Not Found,Not Found,Not Found,Not Found,Not Found
213,f6809048,135 450,Apple iPhone 7 32Gb Gold,Apple, iPhone 7,"экран 4.7""",32Гб,12Mpix,7Mpix,2 Гб
214,f6876893,185 000,Apple iPhone SE (2020) 64Gb White,Apple, iPhone SE (2020),"экран 4.7""",64Гб,12Mpix,7Mpix,3 Гб
215,f6577020,398 870,Apple iPhone 11 Pro 64Gb Space Gray,Apple, iPhone 11 Pro,"экран 5.8""",64Гб,12Mpix,12Mpix,6 Гб
216,f6856730,3 412,BQ BQ-1848 Step+ Black-Red,BQ, BQ-1848 Step+ Black-Red,"экран 1.77""",32Гб,Not Found,Not Found,Not Found
217,f7082211,294 000,Xiaomi Black Shark 3 12/256Gb Lightning Black,Xiaomi, Black Shark 3,"экран 6.67""",256Гб,64Mpix,20Mpix,12 Гб
218,f5099461,385 300,Apple iPhone X 256Gb Space Gray,Apple, iPhone X,"экран 5.8""",256Гб,12Mpix,Not Found,3 Гб
219,f7071500,103 030,Xiaomi Poco X3 NFC 6/64Gb Cobalt Blue,Xiaomi, Poco X3 NFC,"экран 6.67""",64Гб,64Mpix,20Mpix,6 Гб
220,f6999257,90 745,Xiaomi Redmi Note 9 Pro 6/64Gb,Xiaomi, Redmi Note 9 Pro,"экран 6.67""",64Гб,64Mpix,16Mpix,6 Гб
221,f6809626,235 000,Samsung Galaxy S20 8/128Gb Cosmic Grey,Samsung, Galaxy S20,"экран 6.2""",128Гб,64Mpix,10Mpix,8 Гб
222,f6566804,469 494,Apple iPhone 11 Pro Max 256Gb Silver,Apple, iPhone 11 Pro Max,"экран 6.5""",256Гб,12Mpix,12Mpix,6 Гб
223,f6566802,469 494,Apple iPhone 11 Pro Max 256Gb Space Gray,Apple, iPhone 11 Pro Max,"экран 6.5""",256Гб,12Mpix,12Mpix,6 Гб
224,f6133506,183 800,Samsung Galaxy S10 8/128Gb Prism Black,Samsung, Galaxy S10,"экран 6.4""",128Гб,16Mpix,10Mpix,8 Гб
225,f7077792,103 080,Xiaomi Poco X3 NFC 6/64Gb,Xiaomi, Poco X3 NFC,"экран 6.67""",64Гб,64Mpix,20Mpix,6 Гб
226,f6277727,67 990,Xiaomi Redmi Note 7 3/32Gb Rose Gold,Xiaomi, Redmi Note 7,"экран 6.3""",32Гб,48Mpix,13Mpix,3 Гб
227,f6878488,70 934,Samsung Galaxy A31 4/64Gb Prism Crush Black,Samsung, Galaxy A31,"экран 6.4""",64Гб,48Mpix,20Mpix,4 Гб
228,f6702216,87 578,Samsung Galaxy A51 4/64Gb White,Samsung, Galaxy A51,"экран 6.5""",64Гб,48Mpix,32Mpix,4 Гб
229,f7067894,108 898,Xiaomi Poco X3 NFC 6/128Gb Cobalt Blue,Xiaomi, Poco X3 NFC,"экран 6.67""",128Гб,64Mpix,20Mpix,6 Гб
230,f7105132,214 430,Samsung Galaxy S20 FE 6/128Gb Cloud Mint,Samsung, Galaxy S20 FE,"экран 6.5""",128Гб,12Mpix,32Mpix,6 Гб
231,f7010536,116 400,Samsung Galaxy A71 6/128Gb Crush Black,Samsung, Galaxy A71,"экран 6.7""",128Гб,64Mpix,32Mpix,6 Гб
232,f6991418,70 949,Samsung Galaxy A31 4/64Gb Prism Crush Blue,Samsung, Galaxy A31,"экран 6.4""",64Гб,48Mpix,20Mpix,4 Гб
233,f7014554,992 000,Xiaomi Redmi Note 9S 6/128Gb Aurora Blue,Xiaomi, Redmi Note 9S,"экран 6.67""",128Гб,48Mpix,16Mpix,6 Гб
234,f7094565,536 369,Apple iPhone 12 Pro 128Gb Pacific Blue,Apple, iPhone 12 Pro,"экран 6.1""",128Гб,12Mpix,12Mpix,6 Гб
235,f5969380,332 200,Apple iPhone Xr 64Gb (1 SIM) Black,Apple, iPhone Xr,"экран 6.1""",64Гб,12Mpix,7Mpix,3 Гб
236,f6213022,59 600,Meizu X8 4/64Gb Blue,Meizu, X8,"экран 5.9""",64Гб,12Mpix,20Mpix,4 Гб
237,f7144968,4 712,Мобильный телефон BQ 1846 One Power чёрный+серый ST28707,Мобильный, телефон BQ 1846 One Power чёрный+серый ST28707,Not Found,Not Found,Not Found,Not Found,Not Found
238,f7141889,238 000,"Google PIXEL 4A 6GB/128GB, JUST BLACK",Google, PIXEL 4A,"экран 5.81""",128Гб,12.2Mpix,8Mpix,6 Гб
239,f7067861,110 000,Xiaomi Poco X3 NFC 6/128Gb Shadow Gray,Xiaomi, Poco X3 NFC,"экран 6.67""",128Гб,64Mpix,20Mpix,6 Гб
240,f7126622,409 890,Apple iPhone 12 Mini 128Gb,Apple, iPhone 12 Mini,"экран 5.4""",128Гб,12Mpix,12Mpix,6 Гб
241,f7141266,250 000,Apple iPhone 11 64Gb Black,Apple, iPhone 11,"экран 6.1""",64Гб,12Mpix,12Mpix,4 Гб
242,f7003105,292 400,Apple iPhone Xr 128Gb (1 SIM) Black,Apple, iPhone Xr,"экран 6.1""",128Гб,12Mpix,7Mpix,3 Гб
243,f7139548,180 000,Apple iPhone Xr 64Gb (2 SIM) Black,Apple, iPhone Xr,"экран 6.1""",64Гб,12Mpix,7Mpix,3 Гб
244,f7110978,3 450,Nobby 100 Black,Nobby, 100 Black,"экран 1.77""",32Гб,Not Found,Not Found,Not Found
245,f7139169,341 000,Apple iPhone 11 Pro 64Gb Black,Apple, iPhone 11 Pro,"экран 5.8""",64Гб,12Mpix,12Mpix,6 Гб
246,f6570586,548 000,Apple iPhone 11 Pro Max 256Gb Midnight Green,Apple, iPhone 11 Pro Max,"экран 6.5""",256Гб,12Mpix,12Mpix,6 Гб
247,f6876891,185 000,Apple iPhone SE (2020) 64Gb Red,Apple, iPhone SE (2020),"экран 4.7""",64Гб,12Mpix,7Mpix,3 Гб
248,f6947172,92 990,Смартфон Xiaomi Redmi Note 9 Pro 6/64Gb Interstellar Gray,Смартфон, Xiaomi Redmi Note 9 Pro,"экран 6.67""",64Гб,48Mpix,16Mpix,6 Гб
249,f6946790,87 990,Xiaomi Redmi Note 9S 6/128Gb Interstellar Gray,Xiaomi, Redmi Note 9S,"экран 6.67""",128Гб,48Mpix,16Mpix,6 Гб
250,f6573333,469 340,Apple iPhone 11 Pro Max 256Gb,Apple, iPhone 11 Pro Max,"экран 6.5""",256Гб,12Mpix,12Mpix,4 Гб
251,f5900075,95 000,Apple iPhone 7 32Gb,Apple, iPhone 7,"экран 4.7""",32Гб,12Mpix,7Mpix,2 Гб
252,f6890866,59 990,Samsung Galaxy A21s 3/32Gb Black,Samsung, Galaxy A21s,"экран 6.5""",32Гб,48Mpix,13Mpix,3 Гб
253,f5961734,297 390,Apple iPhone Xr 128Gb (1 SIM) White,Apple, iPhone Xr,"экран 6.1""",128Гб,12Mpix,7Mpix,3 Гб
254,f5961742,297 390,Apple iPhone Xr 128Gb (1 SIM) Black,Apple, iPhone Xr,"экран 6.1""",128Гб,12Mpix,7Mpix,3 Гб
255,f5006678,219 810,Apple iPhone 8 256Gb Gold,Apple, iPhone 8,"экран 4.7""",256Гб,12Mpix,7Mpix,2 Гб
256,f5918506,264 600,Apple iPhone Xr 128Gb (1 SIM) Black,Apple, iPhone Xr,"экран 6.1""",128Гб,12Mpix,7Mpix,3 Гб
257,f7103432,32 490,Nokia 3 White,Nokia, 3 White,Not Found,16Гб,Not Found,8Mpix,Not Found
258,f6615724,469 900,Apple iPhone 11 Pro Max 256Gb Space Gray,Apple, iPhone 11 Pro Max,"экран 6.5""",256Гб,12Mpix,12Mpix,6 Гб
259,f5964351,271 000,Apple iPhone Xr 128Gb (1 SIM) Black,Apple, iPhone Xr,"экран 6.1""",128Гб,12Mpix,7Mpix,3 Гб
260,f7031758,285 890,Apple iPhone 7 Plus 32Gb Silver,Apple, iPhone 7 Plus,"экран 5.5""",32Гб,12Mpix,7Mpix,3 Гб
261,f6976908,3 590,TeXet TM-130 Black,TeXet, TM-130 Black,"экран 1.77""",Not Found,Not Found,Not Found,Not Found
262,f7072317,3 590,TeXet TM-124 Black-Red,TeXet, TM-124 Black-Red,"экран 1.77""",32Гб,Not Found,Not Found,Not Found
263,f6563609,399 790,Apple iPhone 11 Pro 64Gb Gold,Apple, iPhone 11 Pro,"экран 5.8""",64Гб,12Mpix,12Mpix,6 Гб
264,f7070467,108 990,Xiaomi Poco X3 NFC 6/128Gb Shadow Gray,Xiaomi, Poco X3 NFC,"экран 6.67""",128Гб,64Mpix,20Mpix,6 Гб
265,f7103473,379 130,Apple iPhone 12 64Gb Green,Apple, iPhone 12,"экран 6.1""",64Гб,12Mpix,12Mpix,6 Гб
266,f7053931,101 498,Xiaomi Redmi Note 9 Pro 6/128Gb Interstellar Gray,Xiaomi, Redmi Note 9 Pro,"экран 6.67""",128Гб,48Mpix,16Mpix,6 Гб
267,f6903114,186 200,Apple iPhone SE (2020) 128Gb Black,Apple, iPhone SE (2020),"экран 4.7""",128Гб,12Mpix,7Mpix,3 Гб
268,f7110880,90 900,Xiaomi Redmi Note 9S 6/128Gb,Xiaomi, Redmi Note 9S,Not Found,128Гб,Not Found,Not Found,6 Гб
269,f7138569,660 000,Apple iPhone 12 Pro 512Gb Gold,Apple, iPhone 12 Pro,"экран 6.1""",512Гб,12Mpix,12Mpix,6 Гб
270,f7014555,125 000,Samsung Galaxy A71 6/128Gb Crush Black,Samsung, Galaxy A71,"экран 6.7""",128Гб,64Mpix,32Mpix,6 Гб
271,f7094553,386 404,Apple iPhone 12 64Gb White,Apple, iPhone 12,"экран 6.1""",64Гб,12Mpix,12Mpix,6 Гб
272,f7094555,386 404,Apple iPhone 12 64Gb Blue,Apple, iPhone 12,"экран 6.1""",64Гб,12Mpix,12Mpix,6 Гб
273,f5940759,458 800,Apple iPhone Xs Max 512Gb (1 SIM) Space Gray,Apple, iPhone Xs Max,"экран 6.5""",512Гб,12Mpix,7Mpix,4 Гб
274,f6157642,26 300,Gionee M6 Mini Black,Gionee, M6 Mini Black,"экран 5.45""",16Гб,8Mpix,5Mpix,1 Гб
275,f6157646,26 300,Gionee M6 Mini Gold,Gionee, M6 Mini Gold,"экран 5.45""",16Гб,8Mpix,5Mpix,1 Гб
276,f7145463,9 015,OLMIO E24,OLMIO, E24,Not Found,Not Found,Not Found,Not Found,Not Found
277,f7145221,4 712,Мобильный телефон BQ 1846 One Power белый+красный ST28709,Мобильный, телефон BQ 1846 One Power белый+красный ST28709,Not Found,Not Found,Not Found,Not Found,Not Found
278,f7145147,9 897,Мобильный телефон Philips E109 красный AK22108,Мобильный, телефон Philips E109 красный AK22108,Not Found,Not Found,Not Found,Not Found,Not Found
279,f7144824,7 707,OLMIO M22 Gold,OLMIO, M22 Gold,"экран 2.4""",32Гб,Not Found,0.3Mpix,Not Found
280,f7014593,95 000,Xiaomi Redmi Note 9 Pro 6/64Gb Glacier White,Xiaomi, Redmi Note 9 Pro,"экран 6.67""",64Гб,48Mpix,16Mpix,6 Гб
281,f6844991,167 995,Apple iPhone SE (2020) 64Gb Red,Apple, iPhone SE (2020),"экран 4.7""",64Гб,12Mpix,7Mpix,3 Гб
282,f6563398,469 324,Apple iPhone 11 Pro Max 256Gb Midnight Green,Apple, iPhone 11 Pro Max,"экран 6.5""",256Гб,12Mpix,12Mpix,6 Гб
283,f7139570,190 200,Apple iPhone X 64Gb,Apple, iPhone X,"экран 5.8""",64Гб,12Mpix,Not Found,3 Гб
284,f7139569,190 000,Apple iPhone X 64Gb белый,Apple, iPhone X,"экран 5.8""",64Гб,12Mpix,Not Found,3 Гб
285,f6568829,313 000,Apple iPhone 11 128Gb Black,Apple, iPhone 11,"экран 6.1""",128Гб,12Mpix,12Mpix,4 Гб
286,f7053911,235 900,Xiaomi Mi 10 5G 8/128Gb Gray,Xiaomi, Mi 10 5G,"экран 6.67""",256Гб,108Mpix,20Mpix,8 Гб
287,f7071361,103 049,Xiaomi Poco X3 NFC 6/64Gb Cobalt Blue,Xiaomi, Poco X3 NFC,"экран 6.67""",64Гб,64Mpix,20Mpix,6 Гб
288,f7014080,53 990,Xiaomi Redmi 9 3/32Gb Carbon Gray,Xiaomi, Redmi 9,"экран 6.53""",32Гб,13Mpix,8Mpix,3 Гб
289,f7074516,78 990,Xiaomi Redmi Note 9S 4/64Gb Aurora Blue,Xiaomi, Redmi Note 9S,"экран 6.67""",64Гб,48Mpix,16Mpix,4 Гб
290,f7005049,398 990,Apple iPhone 11 Pro 64Gb,Apple, iPhone 11 Pro,"экран 5.8""",64Гб,12Mpix,12Mpix,Not Found
291,f5961746,297 390,Apple iPhone Xr 128Gb (1 SIM) Blue,Apple, iPhone Xr,"экран 6.1""",128Гб,12Mpix,7Mpix,3 Гб
292,f7113401,390 000,Google Pixel 5 8/128Gb Sorta Sage,Google, Pixel 5,"экран 6""",128Гб,12Mpix,8Mpix,8 Гб
293,f6570495,469 400,Apple iPhone 11 Pro Max 256Gb Space Gray,Apple, iPhone 11 Pro Max,"экран 6.5""",256Гб,12Mpix,12Mpix,6 Гб
294,f6819179,370 000,Samsung Galaxy S20 Ultra 5G 12/128Gb Cosmic Grey,Samsung, Galaxy S20 Ultra 5G,"экран 6.9""",128Гб,108Mpix,40Mpix,12 Гб
295,f6809633,235 000,Samsung Galaxy S20 8/128Gb Cloud Blue,Samsung, Galaxy S20,"экран 6.2""",128Гб,64Mpix,10Mpix,8 Гб
296,f5728475,65 000,Meizu M6s 64Gb Gold,Meizu, M6s,"экран 5.7""",64Гб,16Mpix,8Mpix,Not Found
297,f6680082,59 900,Xiaomi Redmi 8 3/32Gb Black,Xiaomi, Redmi 8,"экран 6.22""",32Гб,12Mpix,8Mpix,3 Гб
298,f6527714,75 250,Xiaomi Mi A3 4/64Gb Grey,Xiaomi, Mi A3,"экран 6.1""",64Гб,48Mpix,32Mpix,4 Гб
299,f6646211,132 500,Realme X2 8/128Gb Pearl Blue,Realme, X2,"экран 6.4""",128Гб,64Mpix,32Mpix,8 Гб
300,f5728477,55 000,Meizu M6 Note 3/16Gb Black,Meizu, M6 Note,"экран 5.5""",32Гб,12Mpix,5Mpix,Not Found
301,f7099825,116 390,Samsung Galaxy A71 6/128Gb Crush Black,Samsung, Galaxy A71,"экран 6.7""",128Гб,64Mpix,32Mpix,6 Гб
302,f6913234,79 480,Samsung Galaxy A41 4/64Gb Prism Crush Silver,Samsung, Galaxy A41,"экран 6.1""",64Гб,48Mpix,25Mpix,4 Гб
303,f7053927,116 393,Samsung Galaxy A71 6/128Gb Prism Crush Silver,Samsung, Galaxy A71,"экран 6.7""",128Гб,64Mpix,32Mpix,6 Гб
304,f6813494,116 391,Samsung Galaxy A71 6/128Gb Silver,Samsung, Galaxy A71,"экран 6.7""",128Гб,64Mpix,32Mpix,6 Гб
305,f7101543,597 100,Apple iPhone 12 Pro 256Gb Pacific Blue,Apple, iPhone 12 Pro,"экран 6.1""",256Гб,12Mpix,12Mpix,6 Гб
306,f7016315,47 950,Xiaomi Redmi 9C 3/64Gb Midnight gray,Xiaomi, Redmi 9C,"экран 6.53""",64Гб,13Mpix,5Mpix,3 Гб
307,f7087872,536 195,Apple iPhone 12 Pro 128Gb Pacific Blue,Apple, iPhone 12 Pro,"экран 6.1""",128Гб,12Mpix,12Mpix,6 Гб
308,f7087870,536 195,Apple iPhone 12 Pro 128Gb Graphite,Apple, iPhone 12 Pro,"экран 6.1""",128Гб,12Mpix,12Mpix,6 Гб
309,f7014574,92 000,Xiaomi Redmi Note 9S 6/128Gb Interstellar Gray,Xiaomi, Redmi Note 9S,"экран 6.67""",128Гб,48Mpix,16Mpix,6 Гб
310,f6566157,262 844,Apple iPhone 11 64Gb Red,Apple, iPhone 11,"экран 6.1""",64Гб,12Mpix,12Mpix,4 Гб
311,f7103471,386 400,Apple iPhone 12 64Gb White,Apple, iPhone 12,"экран 6.1""",64Гб,12Mpix,12Mpix,6 Гб
312,f6491734,41 054,BQ 5007L Black,BQ, 5007L Black,"экран 5""",16Гб,8Mpix,2Mpix,Not Found
313,f7147249,5 432,Мобильный телефон BQ-2438 ART L+ Коричневый ST28713,Мобильный, телефон BQ-2438 ART L+ Коричневый ST28713,Not Found,Not Found,Not Found,Not Found,Not Found
314,f7145349,5 432,Мобильный телефон BQ-2438 ART L+ Синий ST28712,Мобильный, телефон BQ-2438 ART L+ Синий ST28712,Not Found,Not Found,Not Found,Not Found,Not Found
315,f7014594,95 000,Xiaomi Redmi Note 9 Pro 6/64Gb Tropical Green,Xiaomi, Redmi Note 9 Pro,"экран 6.67""",64Гб,48Mpix,16Mpix,6 Гб
316,f6615731,67 990,Oppo A5s 32Gb Blue,Oppo, A5s,"экран 6.2""",32Гб,13Mpix,8Mpix,3 Гб
317,f7052937,189 200,OnePlus Nord 12/256Gb Blue Marble,OnePlus, Nord,"экран 6.44""",256Гб,48Mpix,32Mpix,12 Гб
318,f7079549,31 390,Samsung Galaxy A01 Core 1/16Gb Black,Samsung, Galaxy A01 Core,"экран 5.3""",16Гб,8Mpix,5Mpix,1 Гб
319,f6568842,408 000,Apple iPhone 11 Pro 64Gb Silver,Apple, iPhone 11 Pro,"экран 5.8""",64Гб,12Mpix,12Mpix,6 Гб
320,f7053851,494 000,Apple iPhone 11 Pro Max 256Gb Midnight Green,Apple, iPhone 11 Pro Max,"экран 6.5""",256Гб,12Mpix,12Mpix,6 Гб
321,f7053864,464 900,Apple iPhone 11 Pro 256Gb Silver,Apple, iPhone 11 Pro,"экран 5.8""",256Гб,12Mpix,12Mpix,6 Гб
322,f7088646,108 990,Xiaomi Poco X3 NFC 6/128Gb Cobalt Blue,Xiaomi, Poco X3 NFC,"экран 6.67""",128Гб,64Mpix,20Mpix,6 Гб
323,f6698942,68 990,Xiaomi Redmi Note 8 4/64Gb Space Black,Xiaomi, Redmi Note 8,"экран 6.3""",64Гб,48Mpix,13Mpix,4 Гб
324,f7129389,161 500,Apple iPhone X 256Gb,Apple, iPhone X,"экран 5.8""",256Гб,12Mpix,Not Found,3 Гб
325,f7053896,285 000,Samsung Galaxy S20 8/128Gb Aura Red,Samsung, Galaxy S20,"экран 6.2""",128Гб,64Mpix,10Mpix,8 Гб
326,f5900066,144 900,Apple iPhone 7 32Gb,Apple, iPhone 7,"экран 4.7""",32Гб,12Mpix,7Mpix,2 Гб
327,f7127449,253 500,Apple iPhone 11 128Gb White,Apple, iPhone 11,"экран 6.1""",128Гб,12Mpix,12Mpix,4 Гб
328,f6616371,114 133,Samsung Galaxy A40 64Gb Black,Samsung, Galaxy A40,"экран 5.9""",64Гб,16Mpix,25Mpix,4 Гб
329,f6566800,440 034,Apple iPhone 11 Pro Max 64Gb Silver,Apple, iPhone 11 Pro Max,"экран 6.5""",64Гб,12Mpix,12Mpix,6 Гб
330,f6835489,35 500,Gionee F205 Lite Gold,Gionee, F205 Lite Gold,"экран 5.47""",16Гб,8Mpix,5Mpix,1 Гб
331,f6566805,469 494,Apple iPhone 11 Pro Max 256Gb Midnight Green,Apple, iPhone 11 Pro Max,"экран 6.5""",256Гб,12Mpix,12Mpix,6 Гб
332,f7100980,177 900,OnePlus Nord 8/128Gb Gray Onyx,OnePlus, Nord,"экран 6.44""",128Гб,48Mpix,32Mpix,8 Гб
333,f6809005,391 000,Apple iPhone X 256Gb,Apple, iPhone X,"экран 5.8""",256Гб,12Mpix,Not Found,3 Гб
334,f6682907,87 580,Samsung Galaxy A51 4/64Gb Crush Black,Samsung, Galaxy A51,"экран 6.5""",64Гб,48Mpix,32Mpix,4 Гб
335,f7043021,301 740,Samsung Galaxy Note20 8/256Gb Mystic Bronze,Samsung, Galaxy Note20,"экран 6.7""",256Гб,12Mpix,10Mpix,8 Гб
336,f7053800,86 998,Xiaomi Redmi Note 9S 6/128Gb Interstellar Gray,Xiaomi, Redmi Note 9S,"экран 6.67""",128Гб,48Mpix,16Mpix,6 Гб
337,f6683799,87 594,Samsung Galaxy A51 4/64Gb Prism Green,Samsung, Galaxy A51,"экран 6.5""",64Гб,48Mpix,32Mpix,4 Гб
338,f7146963,51 990,Oppo A12 3/32Gb Black,Oppo, A12,"экран 6.22""",32Гб,13Mpix,5Mpix,3 Гб
339,f7101538,404 600,Apple iPhone 12 128Gb Black,Apple, iPhone 12,"экран 6.1""",128Гб,12Mpix,12Mpix,6 Гб
340,f6913345,324 000,Samsung Galaxy Z Flip 8/256Gb Mirror Black,Samsung, Galaxy Z Flip,"экран 6.7""",256Гб,12Mpix,10Mpix,8 Гб
341,f7053907,218 000,Xiaomi Poco F2 Pro 6/128Gb Electric Purple,Xiaomi, Poco F2 Pro,"экран 6.67""",128Гб,64Mpix,20Mpix,6 Гб
342,f7087883,386 125,Apple iPhone 12 64Gb Red,Apple, iPhone 12,"экран 6.1""",64Гб,12Mpix,12Mpix,6 Гб
343,f7087882,386 125,Apple iPhone 12 64Gb White,Apple, iPhone 12,"экран 6.1""",64Гб,12Mpix,12Mpix,6 Гб
344,f7138570,660 000,Apple iPhone 12 Pro 512Gb Pacific Blue,Apple, iPhone 12 Pro,"экран 6.1""",512Гб,12Mpix,12Mpix,6 Гб
345,f7014610,108 000,Samsung Galaxy A51 6/128Gb Prism Green,Samsung, Galaxy A51,"экран 6.5""",128Гб,48Mpix,32Mpix,6 Гб
346,f7138593,750 000,Apple iPhone 12 Pro Max 512Gb Graphite,Apple, iPhone 12 Pro Max,"экран 6.7""",512Гб,12Mpix,12Mpix,6 Гб
347,f7094567,597 139,Apple iPhone 12 Pro 256Gb Graphite,Apple, iPhone 12 Pro,"экран 6.1""",256Гб,12Mpix,12Mpix,6 Гб
348,f4915675,232 000,Apple iPhone 7 Plus 128Gb Jet Black,Apple, iPhone 7 Plus,"экран 5.5""",128Гб,12Mpix,7Mpix,3 Гб
349,f6264764,59 600,Meizu X8 4/64Gb White,Meizu, X8,"экран 5.9""",64Гб,12Mpix,20Mpix,4 Гб
350,f7146751,3 917,Nobby 120,Nobby, 120,Not Found,Not Found,Not Found,Not Found,Not Found
351,f7145230,8 614,OLMIO C17,OLMIO, C17,Not Found,Not Found,Not Found,Not Found,Not Found
352,f7076812,108 935,Xiaomi Poco X3 NFC 6/128Gb Shadow Gray,Xiaomi, Poco X3 NFC,"экран 6.67""",128Гб,64Mpix,20Mpix,6 Гб
353,f6878528,101 539,Xiaomi Redmi Note 9 Pro 6/128Gb Glacier White,Xiaomi, Redmi Note 9 Pro,"экран 6.67""",128Гб,48Mpix,16Mpix,6 Гб
354,f6564250,350 000,Apple iPhone 11 Pro 64GB Silver,Apple, iPhone 11 Pro,"экран 5.8""",64Гб,12Mpix,12Mpix,6 Гб
355,f7053802,90 717,Xiaomi Redmi Note 9 Pro 6/64Gb Interstellar Gray,Xiaomi, Redmi Note 9 Pro,"экран 6.67""",64Гб,48Mpix,16Mpix,6 Гб
356,f7062096,82 179,Xiaomi Redmi Note 8 Pro 6/64Gb Red,Xiaomi, Redmi Note 8 Pro,"экран 6.53""",64Гб,64Mpix,20Mpix,6 Гб
357,f6857258,8 880,TeXet TM-317 Red,TeXet, TM-317 Red,"экран 2.2""",Not Found,0.3Mpix,Not Found,Not Found
358,f7125817,204 250,Google Pixel 4a 128Gb черный,Google, Pixel 4a,"экран 5.81""",128Гб,12.2Mpix,8Mpix,6 Гб
359,f7079550,31 390,Samsung Galaxy A01 Core 1/16Gb Blue,Samsung, Galaxy A01 Core,"экран 5.3""",16Гб,8Mpix,5Mpix,1 Гб
360,f7139653,75 100,Apple iPhone 7 32Gb черный,Apple, iPhone 7,"экран 4.7""",32Гб,12Mpix,7Mpix,2 Гб
361,f7053872,325 000,Samsung Galaxy Note20 8/256Gb Mystic Gray,Samsung, Galaxy Note20,"экран 6.7""",256Гб,12Mpix,10Mpix,8 Гб
362,f7113305,265 000,Samsung Galaxy S20 8/128Gb Cloud Blue,Samsung, Galaxy S20,"экран 6.2""",128Гб,64Mpix,10Mpix,8 Гб
363,f7113285,265 000,Samsung Galaxy S20 8/128Gb Aura Red,Samsung, Galaxy S20,"экран 6.2""",128Гб,64Mpix,10Mpix,8 Гб
364,f7139134,253 000,Apple iPhone 11 128Gb белый,Apple, iPhone 11,"экран 6.1""",128Гб,12Mpix,12Mpix,4 Гб
365,f6570585,548 000,Apple iPhone 11 Pro Max 256Gb Space Gray,Apple, iPhone 11 Pro Max,"экран 6.5""",256Гб,12Mpix,12Mpix,6 Гб
366,f7110245,184 000,Apple iPhone 8 64Gb Silver,Apple, iPhone 8,"экран 4.7""",64Гб,12Mpix,7Mpix,2 Гб
367,f6963673,57 120,Xiaomi Redmi 9 4/64Gb Sunset Purple,Xiaomi, Redmi 9,"экран 6.53""",64Гб,13Mpix,8Mpix,4 Гб
368,f7054653,364 900,Samsung Galaxy Z Flip 8/256Gb Mirror Purple,Samsung, Galaxy Z Flip,"экран 6.7""",256Гб,12Mpix,10Mpix,8 Гб
369,f7054668,390 000,Samsung Galaxy S20 Ultra 5G 12/128Gb Cosmic Grey,Samsung, Galaxy S20 Ultra 5G,"экран 6.9""",128Гб,108Mpix,40Mpix,12 Гб
370,f7130775,237 500,Apple iPhone 11 64Gb Black,Apple, iPhone 11,"экран 6.1""",64Гб,12Mpix,12Mpix,4 Гб
371,f7129474,75 000,Apple iPhone 7 32Gb,Apple, iPhone 7,"экран 4.7""",32Гб,12Mpix,7Mpix,2 Гб
372,f7129393,162 500,Apple iPhone X 256Gb,Apple, iPhone X,"экран 5.8""",256Гб,12Mpix,Not Found,3 Гб
373,f7127422,389 000,Apple iPhone 11 Pro Max 256Gb Space Gray,Apple, iPhone 11 Pro Max,"экран 6.5""",256Гб,12Mpix,12Mpix,6 Гб
374,f6577549,69 990,Xiaomi Redmi Note 8 4/64Gb Moonlight White,Xiaomi, Redmi Note 8,"экран 6.3""",64Гб,48Mpix,13Mpix,4 Гб
