,ID,Price,Name,Mark,Model,Size,Type,WiFi
0,f7068879,225 707,"Samsung QE50Q60TAUXCE 50""",Samsung, QE50Q60TAUXCE,"50""",QLED,Yes
1,f6222077,297 351,"Sony KD-43XF7005BR 43""",Sony, KD-43XF7005BR,"43""",ЖК-LED,Yes
2,f7107311,223 323,"TCL L65P8M 65""",TCL, L65P8M,"65""",ЖК-LED,Yes
3,f7009554,304 690,"Samsung UE65TU7100UXCE 65""",Samsung, UE65TU7100UXCE,"65""",ЖК-LED,Yes
4,f5410381,61 765,"Samsung LT24E310EX/CI 23.6""",Samsung, LT24E310EX/CI,"23.6""",ЖК-LED,Yes
5,f7083927,311 720,"Samsung QE50Q60TAUXCE 50""",Samsung, QE50Q60TAUXCE,"50""",QLED,Yes
6,f7107319,304 880,"Samsung UE70TU7100U 70""",Samsung, UE70TU7100U,"70""",ЖК-LED,Yes
7,f6879534,89 098,"Xiaomi Mi TV 4A 32 32""",Xiaomi, Mi TV 4A 32,"32""",ЖК-LED,Yes
8,f7083919,120 860,"Samsung UE32T4500AUXCE 32""",Samsung, UE32T4500AUXCE,"32""",ЖК,Yes
9,f6891659,225 206,"Xiaomi Mi TV 4S 55 55""",Xiaomi, Mi TV 4S 55,"55""",Smart TV,Yes
10,f7107332,368 837,"Samsung QE55Q70TAU 55""",Samsung, QE55Q70TAU,"55""",QLED,Yes
11,f6814685,186 700,"Samsung UE50NU7090UXCE 50""",Samsung, UE50NU7090UXCE,"50""",Smart TV,Yes
12,f7054905,162 090,"Skyworth 50G2A 49.5""",Skyworth, 50G2A,"49.5""",Smart TV,Yes
13,f7107337,282 179,"Samsung QE43LS01TAUXRU 43""",Samsung, QE43LS01TAUXRU,"43""",QLED,Yes
14,f6222037,594 822,"LG OLED55B8SLB 55""",LG, OLED55B8SLB,"55""",OLED,Yes
15,f6306834,74 930,"Saturn LED32HD900UST2 32""",Saturn, LED32HD900UST2,"32""",Smart TV,Yes
16,f7083840,472 500,"Samsung The Serif QE55LS01TAUXRU 55""",Samsung, The Serif QE55LS01TAUXRU,"55""",QLED,Yes
17,f6862846,152 977,"Toshiba 49U7750EV 49""",Toshiba, 49U7750EV,"49""",ЖК-LED,Yes
18,f7113603,107 500,"Skyworth 43E20S 43""",Skyworth, 43E20S,"43""",Smart TV,Yes
19,f6890132,178 170,"Mystery MTV-3223LT2 32""",Mystery, MTV-3223LT2,"32""",ЖК,Yes
20,f7075916,149 536,"Hisense 40A5600F 40""",Hisense, 40A5600F,"40""",ЖК-LED,Yes
21,f7068885,146 091,"Harper 49U750TS 49""",Harper, 49U750TS,"49""",ЖК-LED,Yes
22,f6699625,70 752,"TCL LED32S6500 HD 32""",TCL, LED32S6500 HD,"32""",Smart TV,Yes
23,f6889912,171 350,"JVC LT-32M345 32""",JVC, LT-32M345,"32""",ЖК,Yes
24,f7060798,201 593,"Hisense 43AE7400F 43""",Hisense, 43AE7400F,"43""",ЖК-LED,Yes
25,f6637785,41 090,"BQ 2401B 23.6""",BQ, 2401B,"23.6""",ЖК,Yes
26,f6337687,50 680,"Irbis 20S31HA301B 20""",Irbis, 20S31HA301B,"20""",ЖК-LED,Yes
27,f7008806,91 696,"Skyworth 40E20S 40""",Skyworth, 40E20S,"40""",Smart TV,Yes
28,f7107322,36 300,"Blackton 2201B 22""",Blackton, 2201B,"22""",ЖК-LED,Yes
29,f7148564,91 590,"Harper 43F660T 43""",Harper, 43F660T,"43""",ЖК-LED,Yes
30,f7148399,149 590,"Harper 49U750TS 49""",Harper, 49U750TS,"49""",ЖК-LED,Yes
31,f6893379,208 777,"Samsung UE55TU7100UXCE 55""",Samsung, UE55TU7100UXCE,"55""",Smart TV,Yes
32,f7113599,53 900,"Skyworth 32E20 32""",Skyworth, 32E20,"32""",ЖК-LED,Yes
33,f6893393,41 366,"BQ 2401B 23.6""",BQ, 2401B,"23.6""",ЖК,Yes
34,f6662441,58 048,"TCL LED32S6500 HD 32""",TCL, LED32S6500 HD,"32""",Smart TV,Yes
35,f6222052,267 604,"LG 50UK6410PLC 49.5""",LG, 50UK6410PLC,"49.5""",Smart TV,Yes
36,f6222098,50 732,"Changhong L32G5CT 32""",Changhong, L32G5CT,"32""",ЖК-LED,Yes
37,f6600332,139 550,"LG 43LM5700PLA 43""",LG, 43LM5700PLA,"43""",ЖК-LED,Yes
38,f6588235,54 470,"TCL LED32D3000 32""",TCL, LED32D3000,"32""",ЖК-LED,Yes
39,f7076147,83 040,"Toshiba 40S2850 40""",Toshiba, 40S2850,"40""",ЖК-LED,Yes
40,f5815757,155 835,"Ergo LE43CT2000AK 43""",Ergo, LE43CT2000AK,"43""",ЖК-LED,Yes
41,f6862611,136 472,"Xiaomi Mi TV 4S 43 43""",Xiaomi, Mi TV 4S 43,"43""",Smart TV,Yes
42,f6893371,205 643,"Samsung UE50TU8000UXCE 50""",Samsung, UE50TU8000UXCE,"50""",Smart TV,Yes
43,f6222123,1 189 762,"LG OLED65B8PLA 64.5""",LG, OLED65B8PLA,"64.5""",OLED,Yes
44,f6221746,951 786,"LG 75UK6750PLB 75""",LG, 75UK6750PLB,"75""",Not Found,No
45,f7110205,295 990,"Sony KD49XH8096BR 49""",Sony, KD49XH8096BR,"49""",ЖК-LED,Yes
46,f7150163,308 025,"Sony KD49XG7005BR 49""",Sony, KD49XG7005BR,"49""",ЖК-LED,Yes
47,f7149877,149 766,Harper 49U750TS,Harper, 49U750TS,,Not Found,Not Found
48,f7149158,186 470,Телевизор Sony KDL40WD653BR ST31111,Телевизор, Sony KDL40WD653BR ST31111,,Not Found,Not Found
49,f7149091,95 761,Harper 43F660T,Harper, 43F660T,,Not Found,Not Found
50,f6497570,121 952,"Hyundai H-LED40ET3000 40""",Hyundai, H-LED40ET3000,"40""",ЖК-LED,Yes
51,f7147189,64 990,"JVC LT-32N355 32""",JVC, LT-32N355,"32""",ЖК-LED,Yes
52,f6840424,235 189,"Samsung UE55TU7100UXCE 55""",Samsung, UE55TU7100UXCE,"55""",Smart TV,Yes
53,f6699616,108 791,"Samsung UE32N4500AUXCE 31.5""",Samsung, UE32N4500AUXCE,"31.5""",ЖК-LED,Yes
54,f6731451,54 874,"TCL LED32D3000 32""",TCL, LED32D3000,"32""",ЖК-LED,Yes
55,f7111456,34 968,Телевизор Blackton BT-2201B Black / 2201B Blackton TST34215,Телевизор, Blackton BT-2201B Black / 2201B Blackton TST34215,,Not Found,Not Found
56,f7089792,51 981,"BQ 3201B 31.5""",BQ, 3201B,"31.5""",ЖК-LED,Yes
57,f6662413,140 370,"LG 43LM5700PLA 43""",LG, 43LM5700PLA,"43""",ЖК-LED,Yes
58,f6890030,129 780,"Телевизор ЖК 20"" LG 20MT48VF, черный",Телевизор, ЖК,"20""",Not Found,Not Found
59,f6890427,747 750,"Samsung UE55KU6400U 55""",Samsung, UE55KU6400U,"55""",Smart TV,Yes
60,f7149101,157 347,"Toshiba 49U7750EV 49""",Toshiba, 49U7750EV,"49""",ЖК-LED,Yes
61,f6656279,198 100,"Xiaomi Mi TV 4S 55 55""",Xiaomi, Mi TV 4S 55,"55""",Smart TV,Yes
62,f6989424,194 172,"Hisense 50AE7200F 50""",Hisense, 50AE7200F,"50""",ЖК-LED,Yes
63,f7065129,88 027,"Hisense 32A5100F 32""",Hisense, 32A5100F,"32""",ЖК-LED,Yes
64,f6904765,54 764,"TCL LED32D3000 32""",TCL, LED32D3000,"32""",ЖК-LED,Yes
65,f6878574,38 798,"BQ 2401B 23.6""",BQ, 2401B,"23.6""",ЖК,Yes
66,f7020635,230 928,"LG 55UM7300PLB 55""",LG, 55UM7300PLB,"55""",Smart TV,Yes
67,f6840434,244 128,"Samsung UE50TU8000UXCE 50""",Samsung, UE50TU8000UXCE,"50""",Smart TV,Yes
68,f6796249,49 290,"TCL LED32D3000 32""",TCL, LED32D3000,"32""",ЖК-LED,Yes
69,f6662438,133 849,"Samsung UE43N5300AUXCE 43""",Samsung, UE43N5300AUXCE,"43""",ЖК-LED,Yes
70,f6222136,201 870,"Sony KDL-43WF665BR 42.5""",Sony, KDL-43WF665BR,"42.5""",ЖК-LED,Yes
71,f7054998,82 790,"Xiaomi TV 4A 32 32""",Xiaomi, TV 4A 32,"32""",ЖК,Yes
72,f6890276,161 440,"Телевизор ЖК 32"" JVC LT-32M350, черный",Телевизор, ЖК,"32""",Not Found,Not Found
73,f6890227,156 500,"Samsung T28E310EX 27.5""",Samsung, T28E310EX,"27.5""",ЖК-LED,Yes
74,f6890311,190 770,Philips 32PHT4101,Philips, 32PHT4101,,Not Found,Not Found
75,f6815970,130 133,"SUPRA STV-LC40ST0075F 40""",SUPRA, STV-LC40ST0075F,"40""",ЖК-LED,Yes
76,f5752023,161 900,"Xiaomi Mi TV 4A 40 40""",Xiaomi, Mi TV 4A 40,"40""",ЖК-LED,Yes
77,f7000115,162 900,"Skyworth 50G2A 49.5""",Skyworth, 50G2A,"49.5""",Smart TV,Yes
78,f6650147,57 231,"Erisson 24LM8000T2 24""",Erisson, 24LM8000T2,"24""",ЖК-LED,Yes
79,f7077605,100 020,"BBK 32LEX-7171/TS2C 32""",BBK, 32LEX-7171/TS2C,"32""",ЖК-LED,Yes
80,f7148232,86 990,Телевизор Xiaomi MI LED TV 4A 32 Global Gray TBT0000186,Телевизор, Xiaomi MI LED TV 4A 32 Global Gray TBT0000186,,Not Found,Not Found
81,f7148033,107 990,"JVC LT-43N550 43""",JVC, LT-43N550,"43""",ЖК-LED,Yes
82,f6898238,138 690,"Xiaomi Mi TV 4S (L43M5-5ARU) 42.5""",Xiaomi, Mi TV 4S (L43M5-5ARU),"42.5""",Smart TV,Yes
83,f6862573,88 981,"Harper 43F660T 43""",Harper, 43F660T,"43""",ЖК-LED,Yes
84,f6699519,163 506,"LG 49LK5910PLC 49""",LG, 49LK5910PLC,"49""",ЖК-LED,Yes
85,f6897975,429 790,"Samsung The Serif QE49LS01TAUXRU 49""",Samsung, The Serif QE49LS01TAUXRU,"49""",QLED,Yes
86,f6904517,69 112,"TCL LED32S6500 HD 32""",TCL, LED32S6500 HD,"32""",Smart TV,Yes
87,f6904505,64 093,"Kivi 32H600GR 32""",Kivi, 32H600GR,"32""",Smart TV,Yes
88,f6222071,208 110,"LG 49LK5910PLC 49""",LG, 49LK5910PLC,"49""",ЖК-LED,Yes
89,f6675075,66 220,"Kivi 32H600GR 32""",Kivi, 32H600GR,"32""",Smart TV,Yes
90,f6901776,2 466,Подсветка RGB LED лента,Подсветка, RGB LED лента,,Not Found,Not Found
91,f7083916,218 750,"Samsung UE50TU7100UXCE 50""",Samsung, UE50TU7100UXCE,"50""",Smart TV,Yes
92,f6889681,272 870,"Телевизор ЖК 32"" LG 32LK6190PLA, серый",Телевизор, ЖК,"32""",Not Found,Not Found
93,f6889584,220 710,"LG 32LH519U 32""",LG, 32LH519U,"32""",ЖК-LED,Yes
94,f7012003,384 993,"Philips 58PUS7505 58""",Philips, 58PUS7505,"58""",ЖК-LED,Yes
95,f6645951,137 600,"Xiaomi Mi TV 4S 43 43""",Xiaomi, Mi TV 4S 43,"43""",Smart TV,Yes
96,f6622746,75 900,"Xiaomi Mi TV 4A 32 32""",Xiaomi, Mi TV 4A 32,"32""",ЖК-LED,Yes
97,f7148373,52 990,Телевизор Rebus REB-LED32D2200 Black TBT0000432,Телевизор, Rebus REB-LED32D2200 Black TBT0000432,,Not Found,Not Found
98,f5743381,182 279,"Sony KDL-40WD653 40""",Sony, KDL-40WD653,"40""",ЖК-LED,Yes
99,f6822480,137 748,"Xiaomi Mi TV 4S 43 43""",Xiaomi, Mi TV 4S 43,"43""",Smart TV,Yes
100,f6878906,40 980,"BQ 2401B 23.6""",BQ, 2401B,"23.6""",ЖК,Yes
101,f7133616,4 427,PROCAB Переходник BSP410 BSP410 - это прямой переходник с разъема,PROCAB, Переходник BSP410 BSP410 - это прямой переходник с разъема,,Not Found,Not Found
102,f6898239,208 290,"Xiaomi Mi TV 4S 55 55""",Xiaomi, Mi TV 4S 55,"55""",Smart TV,Yes
103,f7083925,93 210,"Skyworth 40E20S 40""",Skyworth, 40E20S,"40""",Smart TV,Yes
104,f6785202,198 050,"LG 55UM7300PLB 55""",LG, 55UM7300PLB,"55""",Smart TV,Yes
105,f7061992,233 269,"Xiaomi Mi TV 4S 55 55""",Xiaomi, Mi TV 4S 55,"55""",Smart TV,Yes
106,f6988257,363 497,"Samsung The Frame QE43LS03TAU 43""",Samsung, The Frame QE43LS03TAU,"43""",QLED,Yes
107,f6814367,67 929,"TCL LED40S6500 40""",TCL, LED40S6500,"40""",Not Found,No
108,f6814309,173 153,"Toshiba 49U7750EV 49""",Toshiba, 49U7750EV,"49""",ЖК-LED,Yes
109,f6222153,344 947,"Sony KD-49XF7005BR 48.5""",Sony, KD-49XF7005BR,"48.5""",Smart TV,Yes
110,f6844300,138 457,"Sony KDL32WD603BR 32""",Sony, KDL32WD603BR,"32""",ЖК-LED,Yes
111,f6909924,285 618,"Samsung UE50TU8500UXCE 50""",Samsung, UE50TU8500UXCE,"50""",Smart TV,Yes
112,f6890366,1 354 260,"Телевизор ЖК 65"" LG 65SJ930V, черно-серебр.",Телевизор, ЖК,"65""",Not Found,Not Found
113,f6889850,154 220,"Телевизор ЖК 22"" Samsung UE22H5600AK",Телевизор, ЖК,"22""",Not Found,Not Found
114,f6568910,99 256,"LG 24TL520V-PZ 23.6""",LG, 24TL520V-PZ,"23.6""",ЖК-LED,Yes
115,f5892211,158 912,"Samsung UE43N5500AUXCE 42.5""",Samsung, UE43N5500AUXCE,"42.5""",ЖК-LED,Yes
116,f7079590,531 007,"TCL 55C815 55""",TCL, 55C815,"55""",QLED,Yes
117,f7012039,130 944,"Philips 32PHS5505 32""",Philips, 32PHS5505,"32""",ЖК-LED,Yes
118,f5700943,162 000,"Xiaomi Mi TV 4C 43 42.5""",Xiaomi, Mi TV 4C 43,"42.5""",ЖК-LED,Yes
119,f6814342,157 719,"Samsung UE32N4500AUXCE 31.5""",Samsung, UE32N4500AUXCE,"31.5""",ЖК-LED,Yes
120,f7148579,93 990,Телевизор Rebus LED REB-LE43D2 Black TBT0000431,Телевизор, Rebus LED REB-LE43D2 Black TBT0000431,,Not Found,Not Found
121,f7147017,57 990,Телевизор Rebus REB LED 32D9200A Black TBT0000426,Телевизор, Rebus REB LED 32D9200A Black TBT0000426,,Not Found,Not Found
122,f7068877,84 957,"Skyworth 40E20 40""",Skyworth, 40E20,"40""",ЖК-LED,Yes
123,f6840442,209 570,"Samsung UE43TU8500UXCE 43""",Samsung, UE43TU8500UXCE,"43""",Smart TV,Yes
124,f6873119,199 590,"Samsung UE43TU8000UXCE 43""",Samsung, UE43TU8000UXCE,"43""",Smart TV,Yes
125,f6986093,122 429,Samsung Телевизор SAMSUNG UE32T4500AUXCE Smart HD ISAR1304910,Samsung, Телевизор SAMSUNG UE32T4500AUXCE Smart HD ISAR1304910,,Not Found,Not Found
126,f6986084,145 721,"Samsung UE43T5300AUXCE 43""",Samsung, UE43T5300AUXCE,"43""",Smart TV,Yes
127,f7136983,230 377,"LG 50UN74006LA 50""",LG, 50UN74006LA,"50""",ЖК,Yes
128,f6879533,161 558,"Xiaomi Mi TV 4S (L43M5-5ARU) 42.5""",Xiaomi, Mi TV 4S (L43M5-5ARU),"42.5""",Smart TV,Yes
129,f6814688,294 307,"Samsung UE55RU7200UXCE 55""",Samsung, UE55RU7200UXCE,"55""",Smart TV,Yes
130,f7113598,84 800,"Skyworth 40E20 40""",Skyworth, 40E20,"40""",ЖК-LED,Yes
131,f7113597,94 000,"Skyworth 40E20S 40""",Skyworth, 40E20S,"40""",Smart TV,Yes
132,f6685484,258 490,"Sony KD-43XG7005 42.5""",Sony, KD-43XG7005,"42.5""",Smart TV,Yes
133,f6893370,313 685,"Samsung UE55TU8500U 55""",Samsung, UE55TU8500U,"55""",Smart TV,Yes
134,f7042612,215 260,"Xiaomi Mi TV 4S 55 55""",Xiaomi, Mi TV 4S 55,"55""",Smart TV,Yes
135,f7042616,79 506,"Xiaomi Mi TV 4A 32 32""",Xiaomi, Mi TV 4A 32,"32""",ЖК-LED,Yes
136,f6814304,194 464,"Sony KDL-50WF665 49.5""",Sony, KDL-50WF665,"49.5""",ЖК-LED,Yes
137,f6222135,392 542,"Sony KD-49XF7596 48.5""",Sony, KD-49XF7596,"48.5""",Smart TV,Yes
138,f6222127,939 887,"Sony KD65XF8596BR2 64.5""",Sony, KD65XF8596BR2,"64.5""",Smart TV,Yes
139,f6222121,535 327,"Sony KD55XF8096BR2 54.6""",Sony, KD55XF8096BR2,"54.6""",Smart TV,Yes
140,f6222066,202 161,"LG 43UK6300PLB 43""",LG, 43UK6300PLB,"43""",Smart TV,Yes
141,f6222076,118 869,"Artel 43LED9000A 43""",Artel, 43LED9000A,"43""",ЖК-LED,Yes
142,f6222091,184 204,"LG 43UK6200 43""",LG, 43UK6200,"43""",Smart TV,Yes
143,f6221726,955 828,"LG 65SJ930V 65""",LG, 65SJ930V,"65""",Smart TV,Yes
144,f6909929,257 175,"Samsung UE50TU8000UXCE 50""",Samsung, UE50TU8000UXCE,"50""",Smart TV,Yes
145,f7009558,301 290,"Samsung UE55TU8000UXCE 55""",Samsung, UE55TU8000UXCE,"55""",Smart TV,Yes
146,f7075836,750 128,"TCL 75P717 75""",TCL, 75P717,"75""",ЖК-LED,Yes
147,f7010377,442 963,Sony KD43XH8005BR,Sony, KD43XH8005BR,,Not Found,Not Found
148,f6844884,670 378,"Samsung UE75TU7500 75""",Samsung, UE75TU7500,"75""",ЖК-LED,Yes
149,f7147044,147 490,Телевизор Xiaomi MI LED 4S 43 Global Gray TBT0000185,Телевизор, Xiaomi MI LED 4S 43 Global Gray TBT0000185,,Not Found,Not Found
150,f6110626,120 289,"Samsung UE32N5000AUX 32""",Samsung, UE32N5000AUX,"32""",ЖК-LED,Yes
151,f6109816,450 454,"LG 65UU661H 65""",LG, 65UU661H,"65""",ЖК-LED,Yes
152,f7149366,317 651,"Sony KD49XG7096BR 49""",Sony, KD49XG7096BR,"49""",ЖК-LED,Yes
153,f7149299,420 001,"Samsung UE65TU7100UXCE 65""",Samsung, UE65TU7100UXCE,"65""",ЖК-LED,Yes
154,f7149152,35 967,"Blackton 2201B 22""",Blackton, 2201B,"22""",ЖК-LED,Yes
155,f7149079,142 303,"Sony KDL32WD603BR 32""",Sony, KDL32WD603BR,"32""",ЖК-LED,Yes
156,f7009557,244 990,"Samsung UE50TU8500UXCE 50""",Samsung, UE50TU8500UXCE,"50""",Smart TV,Yes
157,f7009548,227 390,"Samsung UE50TU8000UXCE 50""",Samsung, UE50TU8000UXCE,"50""",Smart TV,Yes
158,f6497876,113 819,"LG 32LT340C 32""",LG, 32LT340C,"32""",ЖК-LED,Yes
159,f6075560,113 416,Samsung UE32N4000AUX,Samsung, UE32N4000AUX,,Not Found,Not Found
160,f6823808,113 737,"Samsung UE28N4500AU 28""",Samsung, UE28N4500AU,"28""",ЖК-LED,Yes
161,f6014332,117 178,"Samsung UE32N4000AU 31.5""",Samsung, UE32N4000AU,"31.5""",ЖК,Yes
162,f6005583,150 500,"Changhong U50G5Si 50""",Changhong, U50G5Si,"50""",Smart TV,Yes
163,f7022095,276 700,"Xiaomi Mi TV 4S 65 65""",Xiaomi, Mi TV 4S 65,"65""",ЖК-LED,Yes
164,f6999165,56 100,"Skyworth 32E20 32""",Skyworth, 32E20,"32""",ЖК-LED,Yes
165,f6950337,87 287,"Harper 43F660T 43""",Harper, 43F660T,"43""",ЖК-LED,Yes
166,f6825904,38 720,"BQ 2401B 23.6""",BQ, 2401B,"23.6""",ЖК,Yes
167,f7147174,172 990,Телевизор JVC LED LT-50N795 SMART 4K Black TBT0000429,Телевизор, JVC LED LT-50N795 SMART 4K Black TBT0000429,,Not Found,Not Found
168,f7147125,207 990,Телевизор JVC LED LT-55N775 SMART 4K Black TBT0000430,Телевизор, JVC LED LT-55N775 SMART 4K Black TBT0000430,,Not Found,Not Found
169,f6867146,186 010,"Sony KDL-40WD653 40""",Sony, KDL-40WD653,"40""",ЖК-LED,Yes
170,f7141846,181 490,TCL 50P715,TCL, 50P715,,Not Found,Not Found
171,f7141780,588 390,Sony KD-65XH8096BR2 KD65XH8096BR,Sony, KD-65XH8096BR2 KD65XH8096BR,,Not Found,Not Found
172,f7141779,882 590,Sony KD-75XH8096BR KD75XH8096BR,Sony, KD-75XH8096BR KD75XH8096BR,,Not Found,Not Found
173,f7109756,106 590,"Skyworth 43E20S 43""",Skyworth, 43E20S,"43""",Smart TV,Yes
174,f6685665,213 804,"Samsung UE50RU7200U 50""",Samsung, UE50RU7200U,"50""",Smart TV,Yes
175,f7010183,214 290,"LG 50UN74006LA 50""",LG, 50UN74006LA,"50""",ЖК,Yes
176,f6904502,425 589,"Samsung The Serif QE55LS01TAUXRU 55""",Samsung, The Serif QE55LS01TAUXRU,"55""",QLED,Yes
177,f6985972,472 280,Samsung Телевизор SAMSUNG The SERIF QE55LS01TAUXRU Smart 4K QLED ISAR1304934,Samsung, Телевизор SAMSUNG The SERIF QE55LS01TAUXRU Smart 4K QLED ISAR1304934,,Not Found,Not Found
178,f6986014,220 325,Samsung UE50TU7100UXCE,Samsung, UE50TU7100UXCE,,Not Found,Not Found
179,f7020689,553 164,Samsung Телевизор SAMSUNG The SERO QE43LS05TAUXCE Smart 4K QLED ISAR1304920,Samsung, Телевизор SAMSUNG The SERO QE43LS05TAUXCE Smart 4K QLED ISAR1304920,,Not Found,Not Found
180,f6985978,312 530,Samsung Телевизор SAMSUNG QE50Q60TAUXCE Smart 4K UHD ISAR1304927,Samsung, Телевизор SAMSUNG QE50Q60TAUXCE Smart 4K UHD ISAR1304927,,Not Found,Not Found
181,f6743065,181 051,"Samsung UE43RU7200UXCE 43""",Samsung, UE43RU7200UXCE,"43""",Smart TV,Yes
182,f6743162,219 973,"Samsung UE50RU7200U 50""",Samsung, UE50RU7200U,"50""",Smart TV,Yes
183,f6744443,138 071,"Kivi 50U600GR 50""",Kivi, 50U600GR,"50""",Smart TV,Yes
184,f7087116,227 214,"Xiaomi Mi TV 4S 55 55""",Xiaomi, Mi TV 4S 55,"55""",Smart TV,Yes
185,f6840438,214 161,"Samsung UE50TU7100UXCE 50""",Samsung, UE50TU7100UXCE,"50""",Smart TV,Yes
186,f6898044,123 290,"Samsung UE32T4500AUXCE 32""",Samsung, UE32T4500AUXCE,"32""",ЖК,Yes
187,f7009553,214 590,"Samsung UE50TU7100UXCE 50""",Samsung, UE50TU7100UXCE,"50""",Smart TV,Yes
188,f7071979,224 090,"Samsung UE-50TU7500UXCE 50""",Samsung, UE-50TU7500UXCE,"50""",ЖК-LED,Yes
189,f6699614,133 936,"TCL LED49S6500 49""",TCL, LED49S6500,"49""",Not Found,No
190,f6840471,120 469,"Samsung UE32T4500AUXCE 32""",Samsung, UE32T4500AUXCE,"32""",ЖК,Yes
191,f6796245,146 452,"LG 43LM5700PLA 43""",LG, 43LM5700PLA,"43""",ЖК-LED,Yes
192,f6893368,206 726,"Samsung UE50TU8500UXCE 50""",Samsung, UE50TU8500UXCE,"50""",Smart TV,Yes
193,f6849303,1 375 000,"Samsung UD55E-B 55""",Samsung, UD55E-B,"55""",ЖК-LED,Yes
194,f7127074,256 510,"TCL L55C6US 55""",TCL, L55C6US,"55""",Smart TV,Yes
195,f7109789,341 410,"Samsung UE70TU7100U 70""",Samsung, UE70TU7100U,"70""",ЖК-LED,Yes
196,f7022649,142 170,"Xiaomi Mi TV 4S 43 43""",Xiaomi, Mi TV 4S 43,"43""",Smart TV,Yes
197,f7056377,110 490,"Samsung UE32T4500AUXCE 32""",Samsung, UE32T4500AUXCE,"32""",ЖК,Yes
198,f6910148,1 325 000,"Samsung UD55E-B 55""",Samsung, UD55E-B,"55""",ЖК-LED,Yes
199,f7042535,865 293,"Sony KD75XG8096BR2 75""",Sony, KD75XG8096BR2,"75""",ЖК-LED,Yes
200,f6904518,133 427,"Kivi 50U600GR 50""",Kivi, 50U600GR,"50""",Smart TV,Yes
201,f7042613,150 358,"Xiaomi Mi TV 4S 43 43""",Xiaomi, Mi TV 4S 43,"43""",Smart TV,Yes
202,f7042526,73 232,"Artel 43AF90G 43""",Artel, 43AF90G,"43""",ЖК,Yes
203,f7042546,982 842,"Samsung QE75Q70TAUXCE 75""",Samsung, QE75Q70TAUXCE,"75""",QLED,Yes
204,f7042517,83 833,"Kivi 40F500GR 40""",Kivi, 40F500GR,"40""",ЖК-LED,Yes
205,f7042521,59 278,"Kivi 32H500GR 32""",Kivi, 32H500GR,"32""",ЖК-LED,Yes
206,f6988250,402 336,"Samsung The Serif QE49LS01TAUXRU 49""",Samsung, The Serif QE49LS01TAUXRU,"49""",QLED,Yes
207,f6637573,137 385,"LG 43LM5700PLA 43""",LG, 43LM5700PLA,"43""",ЖК-LED,Yes
208,f6814277,237 965,"LG 50UM7450PLA 50""",LG, 50UM7450PLA,"50""",Smart TV,Yes
209,f6221729,654 316,"LG 65UK6750 64.5""",LG, 65UK6750,"64.5""",Smart TV,Yes
210,f6222086,261 655,"LG 43UK6750PLD 42.5""",LG, 43UK6750PLD,"42.5""",Smart TV,Yes
211,f6567703,137 854,"Haier LE43K6500TF 42.5""",Haier, LE43K6500TF,"42.5""",ЖК-LED,Yes
212,f6222148,1 225 455,"Sony KD75XE8596BR2 74.5""",Sony, KD75XE8596BR2,"74.5""",ЖК-LED,Yes
213,f6222126,115 949,"Samsung UE32N4500AUXCE 31.5""",Samsung, UE32N4500AUXCE,"31.5""",ЖК-LED,Yes
214,f6222007,174 851,"Changhong U50G5Si 50""",Changhong, U50G5Si,"50""",Smart TV,Yes
215,f6222113,124 819,"Samsung UE32N4000AUXCE 31.5""",Samsung, UE32N4000AUXCE,"31.5""",ЖК,Yes
216,f6222154,139 384,"Sony KDL32WD603BR 32""",Sony, KDL32WD603BR,"32""",ЖК-LED,Yes
217,f7042540,219 540,"Samsung UE50TU7100UXCE 50""",Samsung, UE50TU7100UXCE,"50""",Smart TV,Yes
218,f6878783,250 031,"Samsung UE50TU8000UXCE 50""",Samsung, UE50TU8000UXCE,"50""",Smart TV,Yes
219,f7109848,182 690,"Xiaomi Mi TV 4A 50 50""",Xiaomi, Mi TV 4A 50,"50""",ЖК-LED,Yes
220,f7010072,295 690,"Xiaomi Mi TV 4S 65 65""",Xiaomi, Mi TV 4S 65,"65""",ЖК-LED,Yes
221,f7022814,272 452,"Samsung UE50TU8000UXCE 50""",Samsung, UE50TU8000UXCE,"50""",Smart TV,Yes
222,f7022501,205 107,"Xiaomi Mi TV 4S 55 55""",Xiaomi, Mi TV 4S 55,"55""",Smart TV,Yes
223,f7022536,82 587,"Xiaomi Mi TV 4A 32 32""",Xiaomi, Mi TV 4A 32,"32""",ЖК-LED,Yes
224,f7022620,291 993,"Samsung UE55TU7100UXCE 55""",Samsung, UE55TU7100UXCE,"55""",Smart TV,Yes
225,f6991377,120 710,"Samsung UE32T4500AUXCE 32""",Samsung, UE32T4500AUXCE,"32""",ЖК,Yes
226,f7006700,402 430,"Samsung The Serif QE49LS01TAUXRU 49""",Samsung, The Serif QE49LS01TAUXRU,"49""",QLED,Yes
227,f6786375,149 990,"Xiaomi Mi TV 4S 43 43""",Xiaomi, Mi TV 4S 43,"43""",Smart TV,Yes
228,f7076152,260 200,"TCL L55C8M 55""",TCL, L55C8M,"55""",ЖК-LED,Yes
229,f7076144,114 680,"LG 43LM5500PLA 43""",LG, 43LM5500PLA,"43""",ЖК,Yes
230,f6662389,173 470,"TCL L55P8M 55""",TCL, L55P8M,"55""",Smart TV,Yes
231,f6662383,69 250,"TCL LED32S6500 HD 32""",TCL, LED32S6500 HD,"32""",Smart TV,Yes
232,f6480922,130 360,"TCL LED49S6500 49""",TCL, LED49S6500,"49""",Not Found,No
233,f7083847,136 300,"Kivi 50U600GR 50""",Kivi, 50U600GR,"50""",Smart TV,Yes
234,f7083848,141 470,"Kivi 50UR50GR 50""",Kivi, 50UR50GR,"50""",Smart TV,Yes
235,f7083839,265 560,"LG 55UN73506LB 55""",LG, 55UN73506LB,"55""",ЖК,Yes
236,f5272352,918 185,"Xiaomi Mi TV 3S 65 65""",Xiaomi, Mi TV 3S 65,"65""",ЖК,Yes
237,f6890402,1 751 810,"Телевизор ЖК 65"" Samsung QE65Q7FAMU, серебр.-черный",Телевизор, ЖК,"65""",Not Found,Not Found
238,f6889913,137 800,"Mystery MTV-2429LTA2 24""",Mystery, MTV-2429LTA2,"24""",ЖК,Yes
239,f6890228,249 440,"Телевизор ЖК 32"" LG 32LJ500V, черный",Телевизор, ЖК,"32""",Not Found,Not Found
240,f6889588,522 320,"Телевизор ЖК 49"" LG 49UH651V, черный",Телевизор, ЖК,"49""",Not Found,Not Found
241,f6912388,1 078 560,"Samsung UD55E-B 55""",Samsung, UD55E-B,"55""",ЖК-LED,Yes
242,f6621487,214 090,"Sony KDL-50WF665 49.5""",Sony, KDL-50WF665,"49.5""",ЖК-LED,Yes
243,f5899503,105 571,"Samsung UE32N4500AU 31.5""",Samsung, UE32N4500AU,"31.5""",ЖК-LED,Yes
244,f7107324,160 283,"Skyworth 50G2A 49.5""",Skyworth, 50G2A,"49.5""",Smart TV,Yes
245,f7068883,94 142,"Skyworth 40E20S 40""",Skyworth, 40E20S,"40""",Smart TV,Yes
246,f6893381,145 473,"Sony KDL32WD603BR 32""",Sony, KDL32WD603BR,"32""",ЖК-LED,Yes
247,f6893380,185 053,"Samsung UE50TU7100UXCE 50""",Samsung, UE50TU7100UXCE,"50""",Smart TV,Yes
248,f7107315,105 329,"Skyworth 43E20S 43""",Skyworth, 43E20S,"43""",Smart TV,Yes
249,f7107309,160 816,"Samsung UE43TU7500U 43""",Samsung, UE43TU7500U,"43""",ЖК-LED,Yes
250,f7080657,163 353,"LG 43UN71006LB 43""",LG, 43UN71006LB,"43""",ЖК,Yes
251,f6835761,473 795,"Samsung UE70TU7100U 70""",Samsung, UE70TU7100U,"70""",ЖК-LED,Yes
252,f7063247,547 168,"Samsung QE50Q80TAU 50""",Samsung, QE50Q80TAU,"50""",QLED,Yes
253,f7150157,257 175,"Samsung UE50TU8000UXCE 50""",Samsung, UE50TU8000UXCE,"50""",Smart TV,Yes
254,f7149809,231 687,"Samsung UE43TU8500UXCE 43""",Samsung, UE43TU8500UXCE,"43""",Smart TV,Yes
255,f7149186,85 115,Skyworth 40E20,Skyworth, 40E20,,Not Found,Not Found
256,f6999174,132 600,"Skyworth 43Q20 43""",Skyworth, 43Q20,"43""",Smart TV,Yes
257,f6643048,188 300,"Harper 55U750TS 55""",Harper, 55U750TS,"55""",ЖК-LED,Yes
258,f7089563,171 700,"Xiaomi Mi TV 4S 50 50""",Xiaomi, Mi TV 4S 50,"50""",ЖК-LED,Yes
259,f7110809,161 500,"Sony KDL-40WD653 40""",Sony, KDL-40WD653,"40""",ЖК-LED,Yes
260,f7066496,180 400,"Sony KDL-43WF665 42.5""",Sony, KDL-43WF665,"42.5""",ЖК-LED,Yes
261,f6991117,175 900,"Samsung UE43RU7200UXCE 43""",Samsung, UE43RU7200UXCE,"43""",Smart TV,Yes
262,f7000108,202 900,"Skyworth 58G2A 58""",Skyworth, 58G2A,"58""",Smart TV,Yes
263,f6879743,277 400,"Samsung UE55TU7100UXCE 55""",Samsung, UE55TU7100UXCE,"55""",Smart TV,Yes
264,f5747145,172 496,Sony KDL32RE303BR,Sony, KDL32RE303BR,,Not Found,Not Found
265,f6989261,928 700,"Sony KD-75XG8096BR2 75""",Sony, KD-75XG8096BR2,"75""",ЖК-LED,Yes
266,f6999160,87 300,"Skyworth 40E20 40""",Skyworth, 40E20,"40""",ЖК-LED,Yes
267,f7012012,325 062,"Philips 50PUS7505 50""",Philips, 50PUS7505,"50""",ЖК-LED,Yes
268,f5892187,151 531,"Sony KDL-40WD653 40""",Sony, KDL-40WD653,"40""",ЖК-LED,Yes
269,f7067812,362 270,Sony KD-55XH8096 KD55XH8096BR,Sony, KD-55XH8096 KD55XH8096BR,,Not Found,Not Found
270,f6662405,191 000,"TCL L55P8M 55""",TCL, L55P8M,"55""",Smart TV,Yes
271,f7141764,155 400,"Skyworth 50G2A 49.5""",Skyworth, 50G2A,"49.5""",Smart TV,Yes
272,f7141763,129 980,"Skyworth 43Q20 43""",Skyworth, 43Q20,"43""",Smart TV,Yes
273,f7141762,102 440,"Skyworth 43E20S 43""",Skyworth, 43E20S,"43""",Smart TV,Yes
274,f7141761,91 295,"Skyworth 40E20S 40""",Skyworth, 40E20S,"40""",Smart TV,Yes
275,f7008780,164 010,"Skyworth 50G2A 49.5""",Skyworth, 50G2A,"49.5""",Smart TV,Yes
276,f6991158,199 177,"LG 49UN71006LB 43""",LG, 49UN71006LB,"43""",ЖК,Yes
277,f6904516,240 308,"Samsung UE55TU7500UXCE 55""",Samsung, UE55TU7500UXCE,"55""",ЖК-LED,Yes
278,f6302368,223 989,"LG 55UM7300PLB 55""",LG, 55UM7300PLB,"55""",Smart TV,Yes
279,f6840422,239 510,"Samsung UE50TU8500UXCE 50""",Samsung, UE50TU8500UXCE,"50""",Smart TV,Yes
280,f7010180,240 308,"LG 55UN73506LB 55""",LG, 55UN73506LB,"55""",ЖК,Yes
281,f6985975,193 885,Samsung Телевизор SAMSUNG UE43TU7100UXCE Smart 4K UHD ISAR1304913,Samsung, Телевизор SAMSUNG UE43TU7100UXCE Smart 4K UHD ISAR1304913,,Not Found,Not Found
282,f6699621,174 716,"TCL L55P8M 55""",TCL, L55P8M,"55""",Smart TV,Yes
283,f6699620,74 990,"TCL LED40D3000 40""",TCL, LED40D3000,"40""",ЖК-LED,Yes
284,f7137347,116 170,"LG 43LM5500PLA 43""",LG, 43LM5500PLA,"43""",ЖК,Yes
285,f7137391,357 576,"Samsung QE55Q70TAU 55""",Samsung, QE55Q70TAU,"55""",QLED,Yes
286,f6699515,142 196,"LG 43LM5700PLA 43""",LG, 43LM5700PLA,"43""",ЖК-LED,Yes
287,f6743372,145 145,"Samsung UE43N5300AUXCE 43""",Samsung, UE43N5300AUXCE,"43""",ЖК-LED,Yes
288,f6732330,151 835,"Sony KDL-40WD653 40""",Sony, KDL-40WD653,"40""",ЖК-LED,Yes
289,f7127045,107 500,Samsung LED UE 32 N4500,Samsung, LED UE 32 N4500,,Not Found,Not Found
290,f6871370,156 950,"Ergo 55DU6510 55""",Ergo, 55DU6510,"55""",Smart TV,Yes
291,f6587975,149 410,"Sony KDL-40WD653 40""",Sony, KDL-40WD653,"40""",ЖК-LED,Yes
292,f5793934,172 990,"Samsung UE43N5500AU 42.5""",Samsung, UE43N5500AU,"42.5""",ЖК-LED,Yes
293,f7113604,130 699,"Skyworth 43Q20 43""",Skyworth, 43Q20,"43""",Smart TV,Yes
294,f6966124,180 345,"Skyworth 50G2A 49.5""",Skyworth, 50G2A,"49.5""",Smart TV,Yes
295,f7137337,442 543,Samsung QE55Q80TAUXCE,Samsung, QE55Q80TAUXCE,,Not Found,Not Found
296,f6904769,132 035,"TCL 40S65A 40""",TCL, 40S65A,"40""",ЖК-LED,Yes
297,f6904764,88 024,"TCL 32S60A 32""",TCL, 32S60A,"32""",ЖК-LED,Yes
298,f6677306,73 574,"TCL LED40D3000 40""",TCL, LED40D3000,"40""",ЖК-LED,Yes
299,f6697160,197 390,"TCL L55P8M 55""",TCL, L55P8M,"55""",Smart TV,Yes
300,f6898234,134 390,"TCL 40S65A 40""",TCL, 40S65A,"40""",ЖК-LED,Yes
301,f7107825,84 120,"Skyworth 40E20 40""",Skyworth, 40E20,"40""",ЖК-LED,Yes
302,f6662513,142 490,"Sony KDL32WD603BR 32""",Sony, KDL32WD603BR,"32""",ЖК-LED,Yes
303,f7109842,366 490,"TCL L65P8M 65""",TCL, L65P8M,"65""",ЖК-LED,Yes
304,f7080424,107 544,"Samsung UE32N4500AUXCE 31.5""",Samsung, UE32N4500AUXCE,"31.5""",ЖК-LED,Yes
305,f7126751,115 515,"Sony KDL-32WD603 32""",Sony, KDL-32WD603,"32""",ЖК-LED,Yes
306,f6893386,224 769,"Samsung UE55TU8000UXCE 55""",Samsung, UE55TU8000UXCE,"55""",Smart TV,Yes
307,f7107298,440 732,"Samsung QE55Q80TAUXCE 55""",Samsung, QE55Q80TAUXCE,"55""",QLED,Yes
308,f7107306,269 844,"Samsung QE55Q60TAUXCE 55""",Samsung, QE55Q60TAUXCE,"55""",QLED,Yes
309,f6796220,133 741,"Kivi 50U600GR 50""",Kivi, 50U600GR,"50""",Smart TV,Yes
310,f7107294,286 448,"Samsung UE65TU7500UXCE 65""",Samsung, UE65TU7500UXCE,"65""",ЖК-LED,Yes
311,f6879110,199 990,"Samsung UE50TU7100UXCE 50""",Samsung, UE50TU7100UXCE,"50""",Smart TV,Yes
312,f7010045,59 990,"Skyworth 32E20 32""",Skyworth, 32E20,"32""",ЖК-LED,Yes
313,f7009555,428 690,"Samsung UE65TU8000U 64.5""",Samsung, UE65TU8000U,"64.5""",Smart TV,Yes
314,f7009550,645 190,"Samsung UE75TU8000U 75""",Samsung, UE75TU8000U,"75""",ЖК-LED,Yes
315,f6961536,86 513,"Skyworth 40E20 40""",Skyworth, 40E20,"40""",ЖК-LED,Yes
316,f7042534,214 719,"LG 50UN74006LA 50""",LG, 50UN74006LA,"50""",ЖК,Yes
317,f6814243,101 086,"Samsung UE32N4000AUXCE 31.5""",Samsung, UE32N4000AUXCE,"31.5""",ЖК,Yes
318,f7042520,143 651,"Artel 43AU20H 43""",Artel, 43AU20H,"43""",ЖК-LED,Yes
319,f6814276,224 901,"LG 55UM7300PLB 55""",LG, 55UM7300PLB,"55""",Smart TV,Yes
320,f7099548,355 927,"Samsung QE55Q70TAU 55""",Samsung, QE55Q70TAU,"55""",QLED,Yes
321,f6814250,170 156,"TCL L55P8M 55""",TCL, L55P8M,"55""",Smart TV,Yes
322,f7042518,155 009,"Artel 50AU20H 50""",Artel, 50AU20H,"50""",ЖК-LED,Yes
323,f7042536,199 576,"LG 49UN71006LB 43""",LG, 49UN71006LB,"43""",ЖК,Yes
324,f6814363,133 694,"Kivi 50U600GR 50""",Kivi, 50U600GR,"50""",Smart TV,Yes
325,f6814338,81 798,"Toshiba 40S2850 40""",Toshiba, 40S2850,"40""",ЖК-LED,Yes
326,f6814311,214 232,"Samsung UE50RU7200U 50""",Samsung, UE50RU7200U,"50""",Smart TV,Yes
327,f6814326,373 179,"LG 55UM7300PLB 55""",LG, 55UM7300PLB,"55""",Smart TV,Yes
328,f6567753,179 198,"Haier LE50K6500U 49.5""",Haier, LE50K6500U,"49.5""",Smart TV,Yes
329,f6567737,160 534,"Haier LE43K6500U 43""",Haier, LE43K6500U,"43""",ЖК-LED,Yes
330,f6567678,305 941,"Sony KDL-49WF805 48.5""",Sony, KDL-49WF805,"48.5""",ЖК,Yes
331,f6222040,124 813,"Changhong L43G5Si 43""",Changhong, L43G5Si,"43""",Smart TV,Yes
332,f5968356,158 920,"LG 49LK5910PLC 49""",LG, 49LK5910PLC,"49""",ЖК-LED,Yes
333,f6567876,79 460,"TCL 32S62 32""",TCL, 32S62,"32""",ЖК-LED,Yes
334,f6222106,267 604,"Samsung UE49NU7500UXCE 49""",Samsung, UE49NU7500UXCE,"49""",Smart TV,Yes
335,f6567796,237 191,"Sony KDL-50WF665 49.5""",Sony, KDL-50WF665,"49.5""",ЖК-LED,Yes
336,f6567751,71 997,"TCL LED40D3000 40""",TCL, LED40D3000,"40""",ЖК-LED,Yes
337,f6567728,343 324,"Samsung QE49Q60RAUXCE 49""",Samsung, QE49Q60RAUXCE,"49""",Smart TV,Yes
338,f6221728,832 798,"LG 70UK6710 70""",LG, 70UK6710,"70""",ЖК-LED,Yes
339,f6567704,127 875,"TCL LED49S6500 49""",TCL, LED49S6500,"49""",Not Found,No
340,f5967507,71 853,"TCL LED40D3000 40""",TCL, LED40D3000,"40""",ЖК-LED,Yes
341,f6222133,159 203,"Sony KDL-40RE353 40""",Sony, KDL-40RE353,"40""",ЖК,Yes
342,f6222138,220 481,"TCL L49S62FS 49""",TCL, L49S62FS,"49""",ЖК-LED,Yes
343,f6222097,594 822,"Sony KD-65XG7096 64.5""",Sony, KD-65XG7096,"64.5""",ЖК-LED,Yes
344,f6222143,3 093 572,"Sony KD-85XG8596 85""",Sony, KD-85XG8596,"85""",ЖК-LED,Yes
345,f6222141,273 554,"TCL L55P32CFS 55""",TCL, L55P32CFS,"55""",Smart TV,Yes
346,f6222090,96 272,"Artel 49LED9000A 48.5""",Artel, 49LED9000A,"48.5""",ЖК-LED,Yes
347,f6222134,535 327,"Samsung QE55Q6FNAUXCE 55""",Samsung, QE55Q6FNAUXCE,"55""",QLED,Yes
348,f6222070,178 363,"LG 43LK5100PLB 42.5""",LG, 43LK5100PLB,"42.5""",ЖК-LED,Yes
349,f6222056,166 464,"Samsung UE43N5300AUXCE 43""",Samsung, UE43N5300AUXCE,"43""",ЖК-LED,Yes
350,f7010046,93 790,"Skyworth 40E20S 40""",Skyworth, 40E20S,"40""",Smart TV,Yes
351,f6910157,442 395,"Samsung UE65TU8500UXCE 65""",Samsung, UE65TU8500UXCE,"65""",Smart TV,Yes
352,f7110622,205 837,"LG 43UN71006LB 43""",LG, 43UN71006LB,"43""",ЖК,Yes
353,f6662417,107 370,"Samsung UE32N4500AUXCE 31.5""",Samsung, UE32N4500AUXCE,"31.5""",ЖК-LED,Yes
354,f7083917,438 610,"Samsung QE55Q80TAUXCE 55""",Samsung, QE55Q80TAUXCE,"55""",QLED,Yes
355,f2629684,136 900,"Samsung T28D310EX 28""",Samsung, T28D310EX,"28""",ЖК,Yes
356,f6904514,169 816,"TCL L55P8M 55""",TCL, L55P8M,"55""",Smart TV,Yes
357,f6480086,195 990,"Sony KDL-50WF665 49.5""",Sony, KDL-50WF665,"49.5""",ЖК-LED,Yes
358,f7091644,106 995,"Changhong L43G5Si 43""",Changhong, L43G5Si,"43""",Smart TV,Yes
359,f7084589,272 542,"Xiaomi Mi TV 4S 65 65""",Xiaomi, Mi TV 4S 65,"65""",ЖК-LED,Yes
360,f7022613,104 284,"Skyworth 40E20S 40""",Skyworth, 40E20S,"40""",Smart TV,Yes
361,f7022384,240 557,"Samsung UE50TU7100UXCE 50""",Samsung, UE50TU7100UXCE,"50""",Smart TV,Yes
362,f7022376,365 573,"Sony KD-55XG7096BR 55""",Sony, KD-55XG7096BR,"55""",ЖК-LED,Yes
363,f7008350,266 690,"LG 65UT640S0ZA 65""",LG, 65UT640S0ZA,"65""",ЖК-LED,Yes
364,f6587948,69 980,"TCL L32S6500 31.5""",TCL, L32S6500,"31.5""",Smart TV,Yes
365,f6675072,171 690,"TCL L55P8M 55""",TCL, L55P8M,"55""",Smart TV,Yes
366,f6438488,73 400,"TCL LED40D3000 40""",TCL, LED40D3000,"40""",ЖК-LED,Yes
367,f7084006,65 470,"Kivi 32H600GR 32""",Kivi, 32H600GR,"32""",Smart TV,Yes
368,f6895365,309 990,"Samsung UE65TU7100UXCE 65""",Samsung, UE65TU7100UXCE,"65""",ЖК-LED,Yes
369,f7084009,451 170,"Samsung QE49Q80TAUXCE 49""",Samsung, QE49Q80TAUXCE,"49""",QLED,Yes
370,f7083977,356 640,"Samsung QE55Q70TAU 55""",Samsung, QE55Q70TAU,"55""",QLED,Yes
371,f7083930,516 220,"Samsung QE65Q60TAUXCE 65""",Samsung, QE65Q60TAUXCE,"65""",QLED,Yes
372,f5815954,158 648,"Skyworth 40E200A 40""",Skyworth, 40E200A,"40""",ЖК-LED,Yes
373,f5815791,63 591,"Haier LE24B8000T 24""",Haier, LE24B8000T,"24""",ЖК-LED,Yes
374,f6890374,519 400,"Телевизор ЖК 55"" TCL LED55D2900S, черный",Телевизор, ЖК,"55""",Not Found,Not Found
