,ID,Name,Price,Proccessor,Size,CPU Frequency,Volume
0,f6082434,Игровой ноутбук ASUS M60VP,130 000,Core 2 Duo,"16""",2100 MHz,320
1,f6907099,Ноутбук Apple MacBook Pro 13 with Touch Bar Mid 2020 Space Gray MXK32 Space Gray,600 000,Core i5,"13.3""",1400 MHz,256
2,f7000642,MSI GL75 Leopard 10SCSR-019XRU 9S7-17E822-019,650 444,Not Found,Not Found,Not Found,Not Found
3,f4651842,Ноутбук Apple MacBook Pro 13 Mid 2017 Space Gray MPXQ2 MPXQ2 Space Gray,455 900,Core i5,"13.3""",2300 MHz,128
4,f7071864,Lenovo ThinkPad X1 Carbon 8 Gb,274 900,Not Found,Not Found,Not Found,Not Found
5,f6907096,Ультрабук Apple MacBook Air 13 Mid 2020 Silver MWTK2 Silver,438 000,Core i3,"13.3""",1100 MHz,256
6,f7012810,Ноутбук Apple MacBook Pro 13 with Touch Bar Mid 2020 Silver MXK62 Silver,600 000,Core i5,"13.3""",1400 MHz,256
7,f7063549,Toshiba Portege Z30-C 128 Gb SSD,199 900,Not Found,Not Found,Not Found,Not Found
8,f7032173,Игровой ноутбук HP Pavilion 15-cx0117ur 5HA60EA,437 900,Core i5,"15.6""",1600 MHz,1000
9,f6972773,Ноутбук Apple MacBook Pro 13 with Touch Bar Mid 2020 Silver MWP72 Silver,775 000,Core i5,"13.3""",2000 MHz,512
10,f4652328,Ноутбук Apple MacBook Pro 13 with Touch Bar Mid 2017 MPXY2 MPXY2 Silver,822 000,Core i5,"13.3""",3100 MHz,512
11,f7138075,Ноутбук Lenovo V15-IIL,214 900,Core i3,Not Found,Not Found,1005
12,f7095616,Игровой ноутбук Acer Nitro 5 AN515-43 NH.Q6ZER.007,370 000,AMD Ryzen 5,"15.6""",2100 MHz,512
13,f7032070,Игровой ноутбук ASUS ROG GL504GM 90NR00K1-M02810,834 300,Core i7,"15.6""",2200 MHz,1256
14,f7061037,Ноутбук Lenovo Ideapad L3,249 900,Core i3,Not Found,Not Found,Not Found
15,f6093243,Игровой ноутбук ASUS TUF Gaming FX505GM,554 500,Core i5,"15.6""",2300 MHz,1000
16,f7080715,Игровой ноутбук Acer Nitro 5 AN515-43 NH.Q6ZER.007,349 900,AMD Ryzen 5,"15.6""",2100 MHz,512
17,f7126493,Ноутбук Lenovo THINKPAD T410,86 000,Core i5,"14.1""",2400 MHz,80
18,f6996563,Ноутбук Microsoft Surface Book 3 13.5 Platinum,1 486 000,Core i7,"13.5""",1300 MHz,1000
19,f7032053,Игровой ноутбук ASUS ROG G531GV-AZ288 90NR01I1-M05570,790 500,Core i5,"15.6""",2400 MHz,512
20,f7012809,Ноутбук Apple MacBook Pro 16 2019 Silver MVVL2 Silver,930 000,Core i7,"16""",2600 MHz,512
21,f7110316,Игровой ноутбук ASUS TUF Gaming FX505DT 90NR02D1-M12900,353 850,AMD Ryzen 5,"15.6""",2100 MHz,512
22,f7095607,Игровой ноутбук Acer Nitro 5 (AN517-51) NH.Q5DER.01B,579 800,Core i5,"17.3""",2400 MHz,512
23,f6827779,Игровой ноутбук ASUS TUF Gaming FX505DT FX505DT-AL235,313 253,AMD Ryzen 5,"15.6""",2100 MHz,512
24,f6806077,Ноутбук Toshiba SATELLITE U400-12R,140 992,Pentium,"13.3""",1860 MHz,250
25,f6843431,Ультрабук Apple MacBook Air 13 Mid 2020 Silver MVH42 Silver,669 990,Core i5,"13.3""",1100 MHz,512
26,f7032017,Игровой ноутбук Acer Predator Triton 700 PT715-51 NH.Q2LER.003,1 580 700,Core i7,"15.6""",2800 MHz,512
27,f7095634,Ноутбук HP 15-db1203ur 104F9EA,276 500,AMD Ryzen 3,"15.6""",2600 MHz,512
28,f6984101,Ноутбук HP ProBook 650 G5 8MJ62EA,372 989,Core i5,"15.6""",1600 MHz,1000
29,f7126471,Ноутбук Lenovo THINKPAD X220,86 000,Core i5,"12.5""",2500 MHz,128
30,f7140754,Игровой ноутбук Acer Nitro 5 AN515-43 NH.Q6ZER.007,384 780,AMD Ryzen 5,"15.6""",2100 MHz,512
31,f7063621,Ноутбук Apple MacBook Pro 13 2019 Space Gray MV972 MV972 Space Gray,665 000,Core i5,"13.3""",2400 MHz,512
32,f6991217,Ноутбук Apple MacBook Pro 13 with Touch Bar Mid 2020 Space Gray MWP42 Space Gray,775 000,Core i5,"13.3""",2000 MHz,512
33,f7060496,Игровой ноутбук ASUS TUF Gaming FX505GT FX505GT-HN111,400 000,Core i5,"15.6""",2400 MHz,512
34,f7032226,Игровой ноутбук Lenovo Legion Y7000 81T0001CRK,399 900,Core i5,"15.6""",2400 MHz,1128
35,f7098681,Ноутбук DELL XPS 15 9500 210-AVQG Silver,797 000,Core i5,"15.6""",2500 MHz,1000
36,f6831736,Игровой ноутбук Dream Machines RS2080Q-17KZ03,874 698,Core i7,"17.3""",2600 MHz,Not Found
37,f7075466,Ноутбук Apple MacBook Air 13 A1466,287 000,Core i5,"13.3""",1400 MHz,Not Found
38,f7127017,Ноутбук DELL LATITUDE E6410,86 000,Core i5,"14.1""",2400 MHz,500
39,f7127004,Ноутбук DELL LATITUDE E6230,86 000,Core i5,"12.5""",2600 MHz,500
40,f6118848,Игровой ноутбук Lenovo Legion Y530 81FV00Q9RK,445 895,Core i7,"15.6""",2200 MHz,1000
41,f6961339,Игровой ноутбук ASUS TUF Gaming A17 FA706II 90NR03P2-M01270,499 900,AMD Ryzen 7,"17.3""",2900 MHz,512
42,f6878547,Ноутбук Apple MacBook Pro 13 with Touch Bar Mid 2020 Silver MXK72 Silver,785 000,Core i5,"13.3""",1400 MHz,512
43,f7076073,Игровой ноутбук Acer Predator Helios 300 (PH315-52) NH.Q53ER.01G,630 000,Core i5,"15.6""",2400 MHz,512
44,f6996561,Ноутбук Microsoft Surface Book 3 13.5 Platinum,833 900,Core i5,"13.5""",1200 MHz,256
45,f7062146,Трансформер DELL XPS 13 7390 210-AUQY-A4,962 927,Core i7,"13.4""",1300 MHz,1000
46,f7061176,Игровой ноутбук HP Pavilion Gaming 16-a0001ur,480 000,Core i5,"16""",2500 MHz,512
47,f6831737,Игровой ноутбук Dream Machines G1650-15KZ02,332 529,Core i5,"15.6""",2400 MHz,Not Found
48,f7126633,Игровой ноутбук ASUS Zephyrus M gu502gv-bi7n10 Б/У черный,500 000,Core i7,"15.6""",2600 MHz,1000
49,f6745751,Игровой ноутбук HP Pavilion Gaming 15-ec0013ur 8NF73EA,349 900,AMD Ryzen 5,"15.6""",2100 MHz,512
50,f6888093,Игровой ноутбук MSI GL62 6QD 6QD-028RU,453 670,Core i5,"15.6""",2300 MHz,1000
51,f6878546,Ноутбук Apple MacBook Pro 13 with Touch Bar Mid 2020 Space Gray MXK52 Space Gray,785 000,Core i5,"13.3""",1400 MHz,512
52,f6843425,Ультрабук Apple MacBook Air 13 Mid 2020 Space Gray MWTJ2 Space Gray,499 990,Core i3,"13.3""",1100 MHz,256
53,f7148693,Ноутбук Acer Nitro 5 AN515-44,489 900,Not Found,Not Found,Not Found,512
54,f7053121,Игровой ноутбук Dream Machines T1660Ti-15XX06,347 842,Not Found,"15.6""",Not Found,Not Found
55,f6783545,Ноутбук Apple MacBook Pro 13 2019 Silver MUHR2 MUHR2 Silver,638 550,Core i5,"13.3""",1400 MHz,256
56,f6443985,Игровой ноутбук Dream Machines G1650-15KZ02,351 778,Core i5,"15.6""",2400 MHz,Not Found
57,f6854395,Ультрабук Apple MacBook Air 13 Mid 2020 Silver MWTK2 Silver,438 600,Core i3,"13.3""",1100 MHz,256
58,f7069815,Ноутбук ASUS Laptop X540UB 90NB0IM1-M09100,245 000,Core i3,"15.6""",2300 MHz,1000
59,f7095620,Ноутбук Acer ASPIRE 3 (A315-56) NX.HS5ER.001,314 800,Core i3,"15.6""",1200 MHz,512
60,f7126339,Ультрабук Lenovo THINKPAD X260,209 000,Core i5,"12""",2400 MHz,256
61,f4652327,Ноутбук Apple MacBook Pro 13 with Touch Bar Mid 2017 MPXX2 MPXX2 Silver,638 300,Core i5,"13.3""",3100 MHz,256
62,f6118775,Ноутбук Acer Aspire E5-553G NX.GEQER.019,179 900,AMD A-Series,"15.6""",2400 MHz,1000
63,f7032094,Ноутбук DELL Inspiron G5 15 5587 210-AOVT_10,683 900,Core i7,"15.6""",2200 MHz,1128
64,f7061913,Ноутбук Lenovo ThinkBook 15 20SM000GRU серый,493 000,Core i7,"15.6""",1300 MHz,512
65,f6888207,Ноутбук MSI GE72 7RF Apache Pro 7RF-439RU,1 004 640,Core i7,"17.3""",2800 MHz,1128
66,f6887316,Ноутбук ASUS Zenbook UX310UA-FC943R,419 090,Not Found,"13.3""",2400 MHz,128
67,f6979565,Ноутбук Microsoft Surface Laptop 3 13.5 Black (Metal),794 900,Core i7,"13.5""",Not Found,256
68,f6845325,Ультрабук Apple MacBook Air 13 Mid 2020 Silver MWTK2 Silver,499 990,Core i3,"13.3""",1100 MHz,256
69,f7101986,Трансформер HP EliteBook x360 1030 G7 204J0EA,809 720,Core i7,"13.3""",1100 MHz,512
70,f6870970,Ультрабук Apple MacBook Air 13 Mid 2020 Space Gray MVH22 Space Gray,555 000,Core i5,"13.3""",1100 MHz,512
71,f6865791,Ноутбук ASUS VivoBook 14 X412FA 90NB0L92-M15930 Grey,228 433,Core i5,"15.6""",1600 MHz,256
72,f7095641,Ноутбук Lenovo ThinkPad T490 20N2004GRT,378 251,Core i5,"14""",1600 MHz,256
73,f7106347,Ноутбук DELL LATITUDE E6230,89 000,Core i5,"12.5""",2600 MHz,320
74,f6887808,Ноутбук Lenovo THINKPAD X1 Carbon Ultrabook (5th Gen) 20HR005BRT,861 800,Core i7,"14""",2700 MHz,256
75,f6979691,Ноутбук Microsoft Surface Laptop 3 15 Black (Metal),1 382 500,Core i7,"15""",Not Found,1000
76,f7013110,Ноутбук Apple MacBook Pro 13 with Touch Bar Mid 2020 (Custom) Space Gray,1 199 900,Core i7,"13.3""",2400 MHz,1000
77,f6878551,Ноутбук Apple MacBook Pro 13 with Touch Bar Mid 2020 Space Gray MWP52 Space Gray,1 002 900,Core i5,"13.3""",2000 MHz,1000
78,f6843428,Ультрабук Apple MacBook Air 13 Mid 2020 Gold MWTL2 Gold,499 990,Core i3,"13.3""",1100 MHz,256
79,f7016191,MSI GL65 Leopard 10SCXR-056XRU 9S7-16U822-056,529 198,Not Found,Not Found,Not Found,Not Found
80,f6779591,Трансформер Lenovo Yoga C940-15IRH 81TE0013RU,1 063 604,Core i9,"15.6""",2300 MHz,256
81,f7108229,Ноутбук Lenovo THINKPAD T14 G1 20S00011RT,499 200,Core i5,"14""",1600 MHz,256
82,f7106354,Ноутбук DELL LATITUDE E5410,90 000,Core i5,"14""",2670 MHz,250
83,f7131713,Dell 492-BBXU Адаптер Dell/DisplayPort to,10 798,Not Found,Not Found,2000 MHz,Not Found
84,f6153278,Ноутбук Apple MacBook Air 13 Mid 2017 MQD32 MQD32 Silver,491 004,Core i5,"13.3""",1800 MHz,128
85,f7081847,"Ноутбук Prestigio SmartBook 141 С5, Intel Celeron N3350-1.1GH/14.1""HD/eMMC64+240SSD/4Gb/IntelHD/W10P",164 890,Celeron,"14.1""",Not Found,Not Found
86,f7032076,Игровой ноутбук ASUS ROG Strix SCAR III G731GW G731GW-H6233T,1 216 100,Core i7,"17.3""",2600 MHz,1000
87,f7032086,DELL Dell Alienware 17 R5 FullHD G-SYNC,1 275 700,Not Found,Not Found,Not Found,Not Found
88,f7032202,Игровой ноутбук Lenovo Legion Y530 81LB0035RK,681 100,Core i7,"15.6""",2200 MHz,1128
89,f7110317,Игровой ноутбук Acer Nitro 5 AN515-43 NH.Q6ZER.007,367 300,AMD Ryzen 5,"15.6""",2100 MHz,512
90,f6113617,Игровой ноутбук ASUS TUF Gaming FX505GM,615 598,Core i5,"15.6""",2300 MHz,1000
91,f6888200,Ноутбук MSI GE63VR 7RF-056RU,1 471 260,Not Found,"15.6""",2800 MHz,1512
92,f6927859,Ноутбук Lenovo ThinkPad L15 20U30016RK,515 390,Core i5,"15.6""",1600 MHz,256
93,f6979567,Ноутбук Microsoft Surface Laptop 3 13.5 Black (Metal),1 276 500,Core i7,"13.5""",Not Found,1000
94,f6996566,Ноутбук Microsoft Surface Book 3 15 Platinum,1 527 000,Core i7,"15""",1300 MHz,512
95,f6979689,Ноутбук Microsoft Surface Laptop 3 15 Black (Metal),842 500,Core i7,"15""",Not Found,256
96,f6843430,Ультрабук Apple MacBook Air 13 Mid 2020 Gold MVH52 Gold,669 990,Core i5,"13.3""",1100 MHz,512
97,f6878544,Ноутбук Apple MacBook Pro 13 with Touch Bar Mid 2020 Space Gray MXK32 Space Gray,679 990,Core i5,"13.3""",1400 MHz,256
98,f6497726,Ультрабук Lenovo THINKPAD X1 Carbon Ultrabook (7th Gen),1 111 088,Core i7,"14""",1800 MHz,1000
99,f7053202,Игровой ноутбук Dream Machines T1660Ti-15XX06,315 990,Not Found,"15.6""",Not Found,Not Found
100,f7065337,Трансформер DELL XPS 13 7390 210-AUQY-A3,918 634,Core i7,"13.4""",1300 MHz,1000
101,f6783550,Ноутбук Apple MacBook Air 13 Mid 2019 MVFL2 MVFL2 Silver,550 400,Core i5,"13.3""",1600 MHz,256
102,f7098656,Ноутбук DELL XPS 15 9500 210-AVQG-A2 Silver,1 246 500,Core i7,"15.6""",2600 MHz,1000
103,f7108240,Ноутбук Lenovo IdeaPad L340-15API 81LW0086RK,200 000,Athlon 300U,"15.6""",2300 MHz,128
104,f7106690,Ноутбук HP ProBook 450 G7 8MH55EA,370 700,Core i5,"15.6""",1600 MHz,256
105,f7131754,Dell 470-ABMZ Адаптер Dell/USB-C-HDMI 2.0,13 661,Not Found,Not Found,2000 MHz,Not Found
106,f6119065,Игровой ноутбук Lenovo Legion Y720 80VR001SRK,425 375,Core i7,"15.6""",2800 MHz,1000
107,f6300861,Ноутбук HP 15-bs155ur 3XY43EA,192 569,Core i3,"15.6""",2000 MHz,500
108,f7063547,Panasonic Toughbook CF-53 MK3 Сore i5-3340M,259 900,Not Found,Not Found,Not Found,Not Found
109,f7032166,HP Pavilion 15-bc527ur 7JU36EA,389 300,Not Found,Not Found,Not Found,Not Found
110,f7110300,Игровой ноутбук ASUS TUF Gaming FX505DT FX505DT-HN503,399 000,AMD Ryzen 7,"15.6""",2300 MHz,512
111,f6955479,Ноутбук Lenovo ThinkBook 15-IML 20RW008GRU,258 973,Core i3,"15.6""",2100 MHz,1000
112,f7076099,Ноутбук ASUS Laptop 15 M509DA M509DA-EJ610T,157 500,Athlon 3050U,"15.6""",2300 MHz,500
113,f6887699,Ноутбук MSI GL62MVR 7RFX-1258XRU,591 420,Not Found,"15.6""",2800 MHz,Not Found
114,f6979690,Ноутбук Microsoft Surface Laptop 3 15 Black (Metal),1 127 500,Core i7,"15""",Not Found,512
115,f6979688,Ноутбук Microsoft Surface Laptop 3 15 Black (Metal),868 500,Core i5,"15""",Not Found,256
116,f6843429,Ультрабук Apple MacBook Air 13 Mid 2020 Space Gray MVH22 Space Gray,669 990,Core i5,"13.3""",1100 MHz,512
117,f6878545,Ноутбук Apple MacBook Pro 13 with Touch Bar Mid 2020 Silver MXK62 Silver,679 990,Core i5,"13.3""",1400 MHz,256
118,f6952561,Ноутбук Lenovo THINKPAD T15 G1 20S6000NRT,539 265,Core i5,"15.6""",1600 MHz,512
119,f7148239,Ноутбук Lenovo ThinkPad L15,523 182,Not Found,Not Found,Not Found,Not Found
120,f6698489,Ноутбук Apple MacBook Pro 16 2019 Space Gray MVVJ2 Space Gray,935 995,Core i7,"16""",2600 MHz,512
121,f6642025,Ноутбук Apple MacBook Pro 16 2019 Space Gray MVVK2 Space Gray,1 140 000,Core i9,"16""",2300 MHz,1000
122,f6892254,Ноутбук HP 255 G7 2D231EA,240 900,AMD Ryzen 5,"15.6""",2100 MHz,256
123,f7138647,Мобильная рабочая станция HP Zbook 15 G2,350 000,Core i7,"15.6""",2800 MHz,500
124,f7106757,Ноутбук HP ProBook 6560b,137 000,Core i5,"15.6""",2500 MHz,320
125,f7126547,Ультрабук Lenovo THINKPAD T460 Ultrabook,210 000,Core i5,"14""",2400 MHz,180
126,f7132263,HP Europe T7B32AA Батарейка HP Europe/CS03XL Rechargeable Battery/Li-Ion/,2 394,Not Found,Not Found,Not Found,Not Found
127,f6964048,"Ноутбук Lenovo Legion Y545, Core i5 9300HF-2.4GHz/15.6""FHD/128Gb+1Tb/8Gb/GTX1660Ti,6G/WL/BT/DOS",467 489,Not Found,"15.6""",2400 MHz,129
128,f7105366,Ноутбук DELL INSPIRON 17 7000 210-AVTQ-A3,1 000 953,Core i7,"17.3""",2600 MHz,1000
129,f7105334,Трансформер DELL XPS 13 7390 210-AUQY-A,919 951,Core i7,"13.4""",1300 MHz,1000
130,f6399759,Ноутбук Lenovo ThinkPad A285 20KD0032RT,499 625,AMD Ryzen 7,"12.5""",2200 MHz,512
131,f6118813,Игровой ноутбук Lenovo Legion Y530 81FV00JYRK,464 299,Core i5,"15.6""",2300 MHz,1000
132,f6301374,Ноутбук ASUS VivoBook A540LA 90NB0B01-M27810,155 433,Core i3,"15.6""",2000 MHz,500
133,f7032034,Игровой ноутбук Acer Predator Helios 300 G3-572 NH.Q2BER.009,608 100,Core i5,"15.6""",2500 MHz,1000
134,f7032206,Игровой ноутбук Lenovo Legion Y530 81FV00U9RK,462 200,Core i7,"15.6""",2200 MHz,1000
135,f7032127,Ноутбук DELL INSPIRON 5584 210-ARTK_2,360 100,Core i5,"15.6""",1600 MHz,1000
136,f7032032,Acer Nitro 5 AN515-52,450 200,Not Found,Not Found,Not Found,Not Found
137,f7110795,Ноутбук Acer Aspire A315-23G,252 900,Not Found,Not Found,Not Found,512
138,f7080017,Ноутбук Lenovo IdeaPad S530 81J700ACRK,220 623,Core i3,"13.3""",2100 MHz,128
139,f7075693,Ноутбук Lenovo IdeaPad 3i 15IIL05 81WE00LQRK синий,286 000,Core i3,"15.6""",1200 MHz,512
140,f6888323,Ноутбук MSI GL62M 7REX-2094XRU,464 590,Not Found,"15.6""",2500 MHz,Not Found
141,f6887932,Ноутбук Lenovo IdeaPad 100-15IBD 80QQ003QRK,288 770,Not Found,"15.6""",2000 MHz,1000
142,f6887833,Ноутбук Lenovo ThinkPad T470s 20HF0017RT,755 280,Not Found,"14""",2500 MHz,256
143,f7150910,Ноутбук Lenovo ThinkBook 15-IIL,233 775,Not Found,Not Found,Not Found,Not Found
144,f6979564,Ноутбук Microsoft Surface Laptop 3 13.5 Black (Metal),730 000,Core i5,"13.5""",Not Found,256
145,f6979566,Ноутбук Microsoft Surface Laptop 3 13.5 Black (Metal),1 034 900,Core i7,"13.5""",Not Found,512
146,f6878552,Ноутбук Apple MacBook Pro 13 with Touch Bar Mid 2020 Silver MWP82 Silver,1 002 900,Core i5,"13.3""",2000 MHz,1000
147,f6638096,Ноутбук Apple MacBook Pro 16 2019 Silver MVVM2 Silver,1 435 000,Core i7,"16""",2300 MHz,1000
148,f7088676,Ультрабук Apple MacBook Air 13 Mid 2020 Silver MWTK2 Silver,446 995,Core i3,"13.3""",1100 MHz,256
149,f6698600,Ноутбук DELL Inspiron G5 15 5587 G515-7299,426 961,Core i5,"15.6""",2300 MHz,1008
150,f7053156,Игровой ноутбук Dream Machines G1650-15XX09,403 890,Core i7,"15.6""",2600 MHz,Not Found
151,f7104841,Ноутбук DELL Vostro 5401 210-AVNJ,324 398,Core i5,"14""",1000 MHz,256
152,f7126477,Ноутбук Lenovo THINKPAD T420i,90 000,Core i3,"14""",2100 MHz,160
153,f7126580,Ноутбук Fujitsu LIFEBOOK E780,105 000,Core i5,"15""",2530 MHz,160
154,f7126511,Ноутбук DELL LATITUDE E6420,105 000,Core i5,"14""",2500 MHz,500
155,f7126492,Ноутбук Lenovo THINKPAD T410s,96 000,Core i5,"14.1""",2400 MHz,128
156,f5942604,Ноутбук Apple MacBook Air 13 Late  2018 MRE82 Space Gray,442 400,Core i5,"13.3""",1600 MHz,128
157,f7131950,HP Europe 2TB48AA Корпус для ноутбука HP Europe/3PO Tar Protec,990,Not Found,"10.1""",210000 MHz,210
158,f7130011,Ноутбук Acer ASPIRE 3 (A315-56) NX.HS5ER.012,339 126,Core i5,"15.6""",1000 MHz,1256
159,f7126693,Ноутбук ASUS VivoBook 15 D509DA D509DA-BQ242T,305 000,AMD Ryzen 3,"15.6""",2600 MHz,512
160,f6638085,Ноутбук Apple MacBook Pro 16 2019 Space Gray MVVJ2 Space Gray,1 119 000,Core i7,"16""",2600 MHz,512
161,f6820818,Игровой ноутбук ASUS ROG G531GV-AZ288 90NR01I1-M05570,725 544,Core i5,"15.6""",2400 MHz,512
162,f6300910,Трансформер HP ZBook Studio x360 G5 4DC02AW,1 564 930,Xeon,"15.6""",2700 MHz,512
163,f6153578,Ноутбук Apple MacBook 12 Mid 2017 Space Gray MNYF2 MNYF2 Space Gray,690 271,Core m3,"12""",1200 MHz,256
164,f7032187,Ноутбук HP Chromebook 11 G4,29 900,Celeron,"11.6""",2160 MHz,Not Found
165,f7032239,Ноутбук Lenovo ThinkPad X1 Extreme (1st Gen) 20MG0011RT,1 337 600,Core i7,"15.6""",2600 MHz,512
166,f7110315,Трансформер HP Envy x360 13-ay0005ur 15C85EA Black,414 640,AMD Ryzen 5,"13.3""",2300 MHz,512
167,f6154908,Ноутбук DELL Inspiron G5 15 5587 G515-7305,375 900,Core i5,"15.6""",2300 MHz,1000
168,f7076471,"Ноутбук Lenovo Ideapad S145, Ryzen 5 3500U-2.1GHz/15.6""HD/256GbSSD/8Gb/AMD",263 890,Not Found,"15.6""",2100 MHz,Not Found
169,f7105330,Ноутбук Lenovo IdeaPad 3 15 81WE007DRK,219 159,Core i3,"15.6""",1200 MHz,256
170,f7036167,"Зарядное устройство для Macbook Air Apple 60W Magsafe1, 16.5V",26 686,Not Found,Not Found,Not Found,Not Found
171,f6888998,Ноутбук MSI GT73EVR 7RE-856RU,1 280 220,Not Found,"17.3""",2800 MHz,1128
172,f6888175,Ноутбук MSI GL62M 7RDX-2678XRU,482 490,Not Found,"15.6""",2800 MHz,Not Found
173,f6887377,"Ноутбук ASUS X555UJ (Core i7 6500U-2.50ГГц, 4ГБ, 1000ГБ, GF920M",446 330,Not Found,"15.6""",2500 MHz,1000
174,f6907953,Ноутбук Lenovo IdeaPad S540 81NF006LRK,339 790,Core i7,"14""",1800 MHz,256
175,f6996564,Ноутбук Microsoft Surface Book 3 13.5 Platinum,1 239 900,Core i7,"13.5""",1300 MHz,512
176,f7063801,Игровой ноутбук DELL Inspiron Gaming 5500 210-AVQN-A5 Black,544 641,Core i5,"15.6""",2500 MHz,1000
177,f7006236,MSI GL75 Leopard 10SDK-251RU 9S7-17E722-251,707 941,Not Found,Not Found,Not Found,Not Found
178,f7075922,Fujitsu LifeBook U749 LKN:U7490M0018RU,966 437,Not Found,Not Found,Not Found,Not Found
179,f7053162,Игровой ноутбук Dream Machines RT2060-15XX06,346 990,Core i7,"15.6""",2600 MHz,Not Found
180,f7147346,Ноутбук Lenovo ThinkPad T15,534 659,Not Found,Not Found,Not Found,Not Found
181,f6769758,Игровой ноутбук Acer Predator Triton 700 PT715-51 NH.Q2KER.002,1 048 453,Core i7,"15.6""",2800 MHz,512
182,f6867286,Ноутбук HP 15-dw0070ur 8RQ68EA,212 047,Core i3,"15.6""",2100 MHz,256
183,f6891326,Ноутбук HP ProBook 430 G7 8VT46EA,377 500,Core i5,"13.3""",1600 MHz,512
184,f7106709,Ультрабук Toshiba PORTEGE Z930,99 000,Core i5,"13.3""",1800 MHz,128
185,f7126975,Трансформер DELL Latitude 3390 2-in-1,375 000,Core i5,"13.3""",1600 MHz,256
186,f7126501,Ноутбук Lenovo THINKPAD T410,86 000,Core i5,"14.1""",2400 MHz,320
187,f7008149,Ноутбук Lenovo THINKPAD T14 G1 20S00012RT,471 000,Core i5,"14""",1600 MHz,512
188,f7074658,Ультрабук Apple MacBook Air 13 Mid 2020 Space Gray MVH22 Space Gray,630 000,Core i5,"13.3""",1100 MHz,512
189,f6959203,Игровой ноутбук Lenovo Legion Y540 81SX00XNRK,516 799,Core i7,"15.6""",2600 MHz,1000
190,f6831127,Ноутбук DELL Inspiron 5593 210-ASXW 5593-3752,330 871,Core i5,"15.6""",1000 MHz,512
191,f6820841,Ноутбук HP 15-bs165ur,158 903,Core i3,"15.6""",2000 MHz,1000
192,f6119080,Игровой ноутбук Lenovo Legion Y530 81FV00Q7RK,377 602,Core i5,"15.6""",2300 MHz,1000
193,f6119032,Ноутбук Lenovo IdeaPad 520s 14 80X20027RK,344 316,Core i7,"14""",2700 MHz,1128
194,f6118822,Игровой ноутбук Lenovo Legion Y530 81FV00V4RU,604 909,Core i7,"15.6""",2200 MHz,1256
195,f6811753,Игровой ноутбук HP Pavilion Gaming 15-ec0031ur,373 890,AMD Ryzen 5,"15.6""",2100 MHz,1256
196,f7008141,Ноутбук Lenovo ThinkPad L15 20U30016RK,504 000,Core i5,"15.6""",1600 MHz,256
197,f7076077,Игровой ноутбук Acer Nitro 5 (AN517-51) NH.Q5DER.01B,588 000,Core i5,"17.3""",2400 MHz,512
198,f7035535,Зарядное устройство для,27 575,Not Found,Not Found,Not Found,Not Found
199,f7013843,Оперативная память SODIMM DDR3 PC-12800,12 915,Not Found,Not Found,Not Found,Not Found
200,f6928298,Ноутбук Lenovo Yoga S740-15 81NX0015RK,827 490,Core i9,"15.6""",2300 MHz,1000
201,f7150799,Ноутбук Lenovo ThinkBook 15-IIL 20SM008CRU,235 153,Core i3,"15.6""",1200 MHz,256
202,f6878548,Ноутбук Apple MacBook Pro 13 with Touch Bar Mid 2020 Space Gray MWP42 Space Gray,919 990,Core i5,"13.3""",2000 MHz,512
203,f7017030,Ноутбук HP EliteBook 850 G7 1J6K5EA,710 009,Core i7,"15.6""",1800 MHz,512
204,f6971610,MSI Modern 14 B4MW-021RU 9S7-14DK11-022,369 971,Not Found,Not Found,Not Found,Not Found
205,f6960391,DELL Dell Latitude 5511 5511-9081,630 248,Not Found,Not Found,Not Found,Not Found
206,f6870470,Игровой ноутбук Acer Predator Helios 300 (PH317-53) NH.Q5QER.01B,599 900,Core i5,"17.3""",2400 MHz,512
207,f7145882,Замок для ноутбука типа Kensington NanoSaver,24 299,Not Found,Not Found,Not Found,Not Found
208,f7084173,Ультрабук Xiaomi Mi Notebook Air 13.3 JYU4151CN,382 000,Core i5,"13.3""",1600 MHz,512
209,f7141108,Игровой ноутбук Lenovo Legion Y720 80VR00HNRU черный,389 000,Core i7,"15.6""",2800 MHz,1128
210,f6854428,Ультрабук Apple MacBook Air 13 Mid 2020 Gold MWTL2 Gold,438 600,Core i3,"13.3""",1100 MHz,256
211,f7095614,Ноутбук HP EliteBook 845 G7 204F2EA,433 900,AMD Ryzen 5 PRO,"14""",2100 MHz,256
212,f7106685,Трансформер HP EliteBook x360 1030 G7 204J0EA,807 300,Core i7,"13.3""",1100 MHz,512
213,f7127013,Ноутбук Fujitsu LIFEBOOK E752,135 000,Core i5,"15.6""",2600 MHz,320
214,f7063935,Ноутбук Toshiba Satellite B552,128 000,Core i5,"15.6""",2600 MHz,320
215,f7126500,Ноутбук Lenovo THINKPAD T410,86 000,Core i5,"14.1""",2400 MHz,128
216,f7126420,Ультрабук Lenovo THINKPAD X240 Ultrabook,133 000,Core i5,"12""",1900 MHz,128
217,f7126578,Ноутбук HP EliteBook 8440p,99 000,Core i5,"14""",2530 MHz,320
218,f7126422,Ультрабук Lenovo THINKPAD X240 Ultrabook,143 000,Core i5,"12""",1900 MHz,320
219,f7077296,Ноутбук Acer ASPIRE 3 (A315-42) NX.HF9ER.04A,315 900,AMD Ryzen 3,"15.6""",2600 MHz,512
220,f7074659,Ультрабук Apple MacBook Air 13 Mid 2020 Gold MVH52 Gold,625 900,Core i5,"13.3""",1100 MHz,512
221,f7105513,Ноутбук DELL Inspiron 5501 210-AVON-A1,381 818,Core i5,"15.6""",1000 MHz,256
222,f7131406,Игровой ноутбук Acer Nitro 5 AN515-43 NH.Q6ZER.007,286 598,AMD Ryzen 5,"15.6""",2100 MHz,512
223,f6878549,Ноутбук Apple MacBook Pro 13 with Touch Bar Mid 2020 Silver MWP72 Silver,919 990,Core i5,"13.3""",2000 MHz,512
224,f6871248,Ноутбук Apple MacBook Pro 13 with Touch Bar Mid 2020 Space Gray MXK52 Space Gray,654 990,Core i5,"13.3""",1400 MHz,512
225,f5720705,Ноутбук DELL Inspiron G5 15 5587 G515-7336,399 900,Core i5,"15.6""",2300 MHz,1128
226,f7064726,Игровой ноутбук Dream Machines G1650-15XX08,367 833,Core i5,"15.6""",2500 MHz,Not Found
227,f6814100,Игровой ноутбук Acer Nitro 5 AN515-43 NH.Q5XER.004,324 503,AMD Ryzen 5,"15.6""",2100 MHz,512
228,f6820809,Игровой ноутбук Lenovo IdeaPad L340 15 Gaming,331 846,Core i5,"15.6""",2400 MHz,1128
229,f6399304,Ноутбук DELL XPS 13 9380 210-ARIF_7FHD,720 596,Core i7,"13.3""",1800 MHz,256
230,f6383850,Ноутбук DELL INSPIRON 13 5378 5378-7841,280 758,Core i3,"13.3""",2400 MHz,1000
231,f6119047,Ноутбук HP 250 G6 1WY45EA,250 775,Core i3,"15.6""",2000 MHz,500
232,f6119128,Мобильная рабочая станция HP ZBook 15 G5 2ZC40EA,1 103 436,Core i7,"15.6""",2200 MHz,256
233,f7081822,"Ноутбук Prestigio SmartBook 141 С5, Intel Celeron N3350-1.1GH/14.1""HD/eMMC64+120SSD/4Gb/IntelHD/W10P",153 890,Celeron,"14.1""",Not Found,Not Found
234,f7076568,Ноутбук Asus ROG Strix G G531GT-HN550 15.6 FHD 144Hz Intel Core,505 989,Not Found,Not Found,Not Found,512
235,f7063969,Игровой ноутбук Lenovo IdeaPad Gaming 3 15IMH05 81Y400P3RK,455 000,Core i7,"15.6""",2600 MHz,512
236,f7032073,Игровой ноутбук ASUS ROG Strix Scar II GL504GV 90NR01X1-M00140,988 600,Core i5,"15.6""",2300 MHz,1256
237,f7032201,Ноутбук Lenovo ThinkPad T490s 20NX0009RT,595 900,Core i5,"14""",1600 MHz,256
238,f7032036,Игровой ноутбук Acer Predator Triton 700 PT715-51 NH.Q2KER.002,1 081 000,Core i7,"15.6""",2800 MHz,512
239,f7032204,Ноутбук Lenovo IdeaPad S145 81W8000QRK,238 900,Core i5,"15.6""",1100 MHz,1000
240,f7032254,Ноутбук Lenovo ThinkPad L580 20LW000URT,472 700,Core i5,"15.6""",1600 MHz,1000
241,f7076237,Игровой ноутбук HP Pavilion Gaming 15-dk1018ur 15C52EA,389 900,Core i5,"15.6""",2500 MHz,1256
242,f7008850,Ультрабук ASUS ZenBook 15 UX533FTC 90NB0NK1-M06820,582 700,Core i5,"15.6""",1600 MHz,1000
243,f7011901,Игровой ноутбук HP Pavilion Gaming 15-ec1024ur 16D71EA,399 900,AMD Ryzen 5,"15.6""",3000 MHz,1000
244,f6448914,Ноутбук HP Omen 15-dc1052ur 7QD20EA,549 900,Core i5,"15.6""",2400 MHz,512
245,f6381242,Ноутбук Xiaomi Mi Notebook Lite 15.6 2019 White,419 900,Core i7,"15.6""",1800 MHz,512
246,f6646217,Игровой ноутбук Xiaomi Mi Gaming Laptop Black,579 900,Core i7,"15.6""",2600 MHz,512
247,f7035566,Зарядное устройство для Macbook Air Apple MagSafe2 45W ISCM4548,27 575,Not Found,Not Found,Not Found,Not Found
248,f7035353,"Зарядное устройство для Macbook Air Apple 45W Magsafe1, 14.5V",26 686,Not Found,Not Found,Not Found,Not Found
249,f6889008,Ноутбук MSI WS72 6QI 6QI-202RU,1 091 370,Core i5,"17.3""",2300 MHz,1000
250,f6887854,Игровой ноутбук MSI GL62M 7RD 7RD-265US,420 800,Core i5,"15.6""",2500 MHz,1000
251,f6886790,Ноутбук DELL INSPIRON 7566,573 060,Core i7,"15.6""",2600 MHz,628
252,f7053160,Игровой ноутбук Dream Machines S1660Ti-15XX04,584 990,Core i7,"15.6""",2600 MHz,Not Found
253,f7150760,Ноутбук Lenovo ThinkBook 15 20SM007LRU,273 955,Core i5,"15.6""",1000 MHz,256
254,f7057134,Ноутбук HP EliteBook 840 G7,461 352,Core i5,"14""",1600 MHz,256
255,f7063805,Игровой ноутбук DELL Inspiron Gaming 5500 210-AVQN Black,736 801,Core i7,"15.6""",2600 MHz,1000
256,f6845035,Ноутбук HP ProBook 450 G7 8MH13EA,362 420,Core i5,"15.6""",1600 MHz,256
257,f7083103,Ноутбук HP EliteBook 840 G6 6XD76EA,467 511,Core i5,"14""",1600 MHz,256
258,f6698688,Asus TUF Gaming FX705DT-H7118T 90NR02B1-M04440,549 649,Not Found,Not Found,Not Found,Not Found
259,f7142912,Аксессуар для ПК и Ноутбука Trust SP HUB 10 Port USB 2.0 16131,4 237,Not Found,Not Found,2000 MHz,Not Found
260,f6963498,Ноутбук Apple MacBook Pro 13 with Touch Bar Mid 2020 Space Gray MWP52 Space Gray,567 995,Core i5,"13.3""",2000 MHz,1000
261,f7053117,Игровой ноутбук Dream Machines RT2060-15XX06,381 842,Core i7,"15.6""",2600 MHz,Not Found
262,f6824840,Ноутбук HP 17-by1010ur 5SX47EA,325 760,Core i5,"17.3""",1600 MHz,1000
263,f6698613,Ноутбук DELL Inspiron G5 15 5587 210-AOVT_10,671 185,Core i7,"15.6""",2200 MHz,1128
264,f6118622,Ноутбук Acer TRAVELMATE P2 TMP259-G2-M-39U9 NX.VEPER.002,286 223,Core i3,"15.6""",2400 MHz,500
265,f7101185,Ноутбук Lenovo IdeaPad 3 15ADA05 81W100H2RK Silver,161 250,AMD Ryzen 3,"15.6""",2600 MHz,256
266,f7139734,Ноутбук ASUS VivoBook X512DA Grey,178 920,Athlon 3050U,"15.6""",2300 MHz,256
267,f7095619,Ноутбук Acer ASPIRE 3 (A315-56) NX.HS5ER.012,322 000,Core i5,"15.6""",1000 MHz,1256
268,f6745796,Ноутбук HP ProBook 470 G7 9HP78EA,429 500,Core i5,"17.3""",1600 MHz,1256
269,f7110658,ASUS FA506,490 000,Not Found,Not Found,Not Found,Not Found
270,f7138645,Мобильная рабочая станция HP ZBook 15,350 000,Core i7,"15.6""",2700 MHz,320
271,f7126324,Ноутбук DELL LATITUDE E5470,235 000,Core i5,"14""",2600 MHz,256
272,f7106714,Ноутбук HP ProBook 6560b,137 000,Core i5,"15.6""",2500 MHz,320
273,f7126424,Ноутбук Lenovo THINKPAD X201,79 000,Core i5,"12.1""",2400 MHz,250
274,f7110255,Ноутбук Lenovo THINKPAD X220,86 000,Core i5,"12.5""",2500 MHz,320
275,f7098812,Ноутбук Lenovo THINKPAD X1 Carbon (8th Gen) 20U9004RRT Black,776 000,Core i5,"14""",1600 MHz,512
276,f7101003,Ультрабук Xiaomi Mi Notebook Air 13.3 JYU4151CN,366 500,Core i5,"13.3""",1600 MHz,512
277,f7132214,"HP Europe N2L85AA#ABB Аккумулятор HP Europe/HS04/Li-Ion/44 Ah/19,5",13 357,Not Found,Not Found,Not Found,Not Found
278,f7130290,Игровой ноутбук DELL Inspiron Gaming 7700 210-AVTQ-A1 Black,825 090,Core i7,"17.3""",2600 MHz,1000
279,f7104979,Ноутбук Lenovo IdeaPad 5 15ARE05 81W40035RK,320 990,AMD Ryzen 5,"15.6""",2300 MHz,512
280,f6877441,Ультрабук Apple MacBook Air 13 Mid 2020 Space Gray MWTJ2 Space Gray,447 000,Core i3,"13.3""",1100 MHz,256
281,f7128753,Игровой ноутбук ASUS ROG GL-753VE,350 000,Core i7,"17.3""",Not Found,1000
282,f7031719,Ноутбук Acer Nitro 5 AN515-44 15.6FHD AMD Ryzen 5 4600H/8Gb/512GB,472 989,Not Found,"15.6""",Not Found,512
283,f6903356,Игровой ноутбук HP Pavilion Gaming 15-bc519ur 7JT78EA,332 482,Core i5,"15.6""",2400 MHz,512
284,f6820857,Ноутбук ASUS VivoBook X543UA,170 866,Core i3,"15.6""",2300 MHz,1000
285,f6814155,Ноутбук HP 15-da0324ur 5GX12EA,196 858,Core i3,"15.6""",2300 MHz,1000
286,f6814135,Ноутбук Lenovo IdeaPad S145 81N30097RK,146 719,AMD A-Series,"15.6""",2600 MHz,1000
287,f6153517,Ноутбук Apple MacBook Pro 15 with Touch Bar Mid 2018 Space Gray MR932 MR932 Space Gray,1 253 113,Core i7,"15""",2200 MHz,256
288,f6607499,Игровой ноутбук Lenovo IdeaPad L340 15 Gaming 81LK00C9RK,307 894,Core i5,"15.6""",2400 MHz,1128
289,f6399703,Мобильная рабочая станция HP ZBook 14u G5 5UC41EA,841 243,Core i7,"14""",1800 MHz,1000
290,f7032102,Ноутбук DELL G3 15 3579 210-AOVS_31,451 200,Core i5,"15.6""",2300 MHz,256
291,f7110296,Игровой ноутбук Lenovo IdeaPad Gaming 3 15IMH05 81Y400P3RK,462 000,Core i7,"15.6""",2600 MHz,512
292,f7075894,Ноутбук Apple MacBook Pro 16 2019 Space Gray MVVJ2 Space Gray,939 000,Core i7,"16""",2600 MHz,512
293,f6984692,Ноутбук DELL XPS 13 7390 210-ASUT-A2,700 200,Core i7,"13.3""",1100 MHz,512
294,f7080016,Ультрабук Lenovo THINKPAD X1 Carbon Ultrabook (7th Gen) 20QD0034RT,877 373,Core i7,"14""",1800 MHz,256
295,f6997450,Игровой ноутбук HP Pavilion Gaming 15-ec1026ur 16D73EA,454 900,AMD Ryzen 7,"15.6""",2900 MHz,1256
296,f7009029,"Ноутбук HP ENVY x360 15-ed0006ur, Core i5-10210U-1.6GHz/15.6""FHD/512GbSSD/8Gb/GF",582 890,Not Found,"15.6""",Not Found,Not Found
297,f7103543,Игровой ноутбук ASUS VivoBook Max X541UV черный,190 000,Core i5,Not Found,2500 MHz,1000
298,f7101001,Игровой ноутбук Acer Nitro 5 AN515-43 NH.Q6ZER.00C,319 900,AMD Ryzen 5,"15.6""",2100 MHz,512
299,f7080726,Ноутбук ASUS ROG Zephyrus GX701LWS,1 279 900,Not Found,"17.3""",Not Found,Not Found
300,f4563549,Игровой ноутбук DELL ALIENWARE 17,1 254 398,Core i7,"17.3""",2800 MHz,1128
301,f6889289,Ноутбук MSI GT62VR 7RE-426RU,999 490,Not Found,"15.6""",2800 MHz,257
302,f6887971,Игровой ноутбук MSI GP72 6QF Leopard Pro 6QF-274RU,545 960,Core i5,"17.3""",2300 MHz,1000
303,f6888128,Ноутбук HP 15-ay500ur Y5K68EA,250 030,Pentium,"15.6""",1600 MHz,500
304,f6888203,Ноутбук Lenovo B71-80 80RJ00EVRK,386 880,Core i5,"17.3""",2300 MHz,1000
305,f6912191,Трансформер Lenovo IdeaPad C340-14IWL 81N400HYRK,218 580,Core i3,"14""",2100 MHz,128
306,f6962949,Ноутбук Lenovo Yoga S740-15 81NX0015RK,740 526,Core i9,"15.6""",2300 MHz,1000
307,f7053975,Ноутбук HP 255 G7 15A04EA,164 780,AMD Ryzen 3,"15.6""",2600 MHz,256
308,f7139327,Ноутбук Lenovo ThinkPad E14-IML 20RA000XRT,335 890,Core i3,"14""",2100 MHz,256
309,f6928053,Ультрабук Lenovo THINKPAD X1 Carbon (8th Gen) 20U9004RRT,806 190,Core i5,"14""",1600 MHz,512
310,f7141243,Ноутбук DELL Latitude 9410 210-AURT-A,1 188 390,Core i7,"14""",1800 MHz,512
311,f5781482,Lenovo ThinkPad T480s 20L7001PRT,482 603,Not Found,Not Found,Not Found,Not Found
312,f7150766,Ноутбук Lenovo Ноутбук Lenovo,223 465,Not Found,Not Found,1200 MHz,Not Found
313,f7150737,Ноутбук Lenovo ThinkBook 14-IIL 20SL00FARU,273 488,Core i5,"14""",1100 MHz,256
314,f6996567,Ноутбук Microsoft Surface Book 3 15 Platinum,1 613 500,Core i7,"15""",1300 MHz,1000
315,f7140496,Ультрабук Lenovo THINKPAD X1 Carbon Ultrabook (7th Gen) 20QD0034RT,750 493,Core i7,"14""",1800 MHz,256
316,f6871179,Ноутбук HP ProBook 450 G7 8VU86EA,314 286,Core i3,"15.6""",2100 MHz,128
317,f7043286,Ультрабук Lenovo THINKPAD X1 Carbon (8th Gen) 20U9004PRT,842 793,Core i7,"14""",1800 MHz,1000
318,f6645851,Игровой ноутбук Dream Machines G1650-15KZ02,335 292,Core i5,"15.6""",2400 MHz,Not Found
319,f6950158,"Durabook S14I Standard, E+S14AKT1921788",1 397 112,Not Found,Not Found,Not Found,Not Found
320,f6987585,DELL Dell XPS 17 9700 9700-7281,1 431 432,Not Found,Not Found,Not Found,Not Found
321,f7113456,MSI GL65 Leopard 10SCSR-081XRU 9S7-16U822-081,661 225,Not Found,Not Found,Not Found,Not Found
322,f7148691,Ноутбук ASUS VivoBook S512JP,429 900,Not Found,Not Found,1600 MHz,Not Found
323,f6869893,Игровой ноутбук Acer Predator Helios 300 (PH315-52) NH.Q53ER.01G,519 900,Core i5,"15.6""",2400 MHz,512
324,f7147613,Kensington Замок для ноутбука типа Ke sington L-leg,9 173,Not Found,Not Found,Not Found,Not Found
325,f7145985,Ноутбук Lenovo Yoga S740-15IRH,839 999,Not Found,Not Found,Not Found,Not Found
326,f7145959,Ноутбук Lenovo ThinkPad T14,667 932,Not Found,Not Found,Not Found,Not Found
327,f7145922,Ноутбук Lenovo ThinkBook S-13-IML 20RR0001RU,407 287,Core i5,"13.3""",1600 MHz,256
328,f7088677,Ноутбук Apple MacBook Pro 13 with Touch Bar Mid 2020 Space Gray MXK32 Space Gray,567 995,Core i5,"13.3""",1400 MHz,256
329,f6871336,Ультрабук Apple MacBook Air 13 Mid 2020 Gold MWTL2 Gold,446 995,Core i3,"13.3""",1100 MHz,256
330,f7141972,"Ноутбук Acer A515-55G 15,6"" FHD Intel Core i3-1005G1/8Gb/SSD",254 000,Not Found,"15.6""",55000 MHz,Not Found
331,f7140213,Игровой ноутбук Dream Machines G1650-15KZ41,315 470,Core i5,"15.6""",2400 MHz,500
332,f6652057,Ноутбук HP 250 G7 6MT09EA,195 456,Core i3,"15.6""",2300 MHz,1000
333,f6654170,Ноутбук HP Pavilion 15-cs2007ur 6PS02EA,365 602,Core i5,"15.6""",1600 MHz,256
334,f6783549,Ноутбук Apple MacBook Pro 16 2019 Space Gray MVVK2 Space Gray,1 115 000,Core i7,"16""",2300 MHz,1000
335,f7109390,Ноутбук Lenovo Ideapad L340-15API,195 023,Not Found,Not Found,Not Found,Not Found
336,f6877747,Ультрабук Apple MacBook Air 13 Mid 2020 Space Gray MVH22 Space Gray,584 800,Core i5,"13.3""",1100 MHz,512
337,f6895204,Ноутбук Apple MacBook Pro 13 with Touch Bar Mid 2020 Silver MXK62 Silver,602 000,Core i5,"13.3""",1400 MHz,256
338,f6907956,Игровой ноутбук Lenovo Legion Y740 81UH007XRU,951 190,Core i7,"15.6""",2600 MHz,1256
339,f7095602,Игровой ноутбук HP Omen 17-cb1009ur 15D42EA,695 000,Core i7,"17.3""",2600 MHz,512
340,f7095628,Ноутбук DELL Vostro 3590 3590-7605,310 400,Core i5,"15.6""",1600 MHz,256
341,f6814690,Ноутбук HP ProBook 4710s,151 435,Core 2 Duo,"17.3""",2000 MHz,320
342,f7095612,Ноутбук Lenovo THINKPAD T15 G1 20S6000MRT,505 251,Core i5,"15.6""",1600 MHz,256
343,f6783019,Ноутбук Compaq Essential 610 NX550EA,85 000,Core 2 Duo,"15.6""",2000 MHz,320
344,f7095622,Ноутбук Lenovo IdeaPad 5 15ARE05 81W40035RK,314 800,AMD Ryzen 5,"15.6""",2300 MHz,512
345,f7098658,Трансформер DELL XPS 13 7390 210-AUQY-A,989 500,Core i7,"13.4""",1300 MHz,1000
346,f7098667,Ноутбук DELL LATITUDE E5530 210-AREL,401 500,Core i5,"13.3""",1600 MHz,256
347,f6959628,Ноутбук HP EliteBook 850 G6 6XD79EA,471 543,Core i7,"15.6""",1800 MHz,256
348,f7139257,Ноутбук DELL Vostro 5401 210-AVNJ,150 000,Core i5,"14""",1000 MHz,256
349,f7128944,Ноутбук DELL XPS 15 9570 9570-6733,929 799,Core i7,"15.6""",2200 MHz,512
350,f7138648,Мобильная рабочая станция HP Zbook 15 G2,375 000,Core i7,"15.6""",2800 MHz,500
351,f7106717,Ноутбук DELL LATITUDE E6420,109 000,Core i5,"14""",2500 MHz,320
352,f7126993,Ноутбук DELL LATITUDE E5450,190 000,Core i5,"14""",2300 MHz,256
353,f7127080,Ноутбук Fujitsu LIFEBOOK S761,86 000,Core i5,"13.3""",2500 MHz,500
354,f7127016,Ноутбук Fujitsu LIFEBOOK E780,115 000,Core i5,"15""",2530 MHz,160
355,f7106713,Ноутбук DELL LATITUDE E6330,109 000,Core i5,"13.3""",2900 MHz,500
356,f7106719,Ультрабук Toshiba PORTEGE Z830,99 000,Core i5,"13.3""",1600 MHz,128
357,f7126495,Ноутбук Lenovo THINKPAD T420,86 000,Core i3,"14""",2100 MHz,160
358,f7126589,Ноутбук DELL LATITUDE E6220,89 000,Core i5,"12""",2500 MHz,320
359,f7126575,Ноутбук HP EliteBook 8440p,99 000,Core i5,"14""",2400 MHz,320
360,f7126482,Ноутбук Lenovo THINKPAD T420i,99 000,Core i3,"14""",2100 MHz,160
361,f7126560,Ультрабук Lenovo THINKPAD T460 Ultrabook,219 000,Core i5,"14""",2400 MHz,160
362,f7126442,Ноутбук DELL LATITUDE E7440,125 000,Core i5,"14""",2000 MHz,128
363,f7126414,Ноутбук Lenovo THINKPAD X230,96 000,Core i5,"12""",2600 MHz,320
364,f5870340,Ноутбук Apple MacBook Pro 15 with Touch Bar Mid 2017 Space Gray MPTR2 MPTR2 Space Gray,830 900,Core i7,"15.4""",2800 MHz,256
365,f4652317,Ноутбук Apple MacBook Air 13 Mid 2017 MQD42 MQD42,474 900,Core i5,"13.3""",1800 MHz,256
366,f7131478,"Lenovo CASE_BO 15.6 Backpack B515 Blue-ROW / , LENOVO GX40Q75216, Аксессуары",7 200,Not Found,Not Found,Not Found,Not Found
367,f7129847,Ноутбук ASUS VivoBook 15 D509DA D509DA-BQ242T,327 218,AMD Ryzen 3,"15.6""",2600 MHz,512
368,f7107866,Ноутбук Lenovo IdeaPad L340-15API 81LW0086RK,198 230,Athlon 300U,"15.6""",2300 MHz,128
369,f7070254,Ноутбук DELL XPS 15 9500 210-AVQG Silver,837 928,Core i5,"15.6""",2500 MHz,1000
370,f6820769,Ноутбук DELL INSPIRON 15 3593,339 421,Core i7,"15.6""",1300 MHz,512
371,f6980447,Ноутбук ASUS VivoBook 14 X412DA Blue,212 866,AMD Ryzen 3,"14""",2600 MHz,256
372,f6874686,Ноутбук HP 250 G7 6UL18EA,194 461,Core i3,"15.6""",2300 MHz,1000
373,f6820952,Трансформер HP Envy x360 15-dr0001ur,601 021,Core i5,"15.6""",1600 MHz,256
374,f6814088,Игровой ноутбук Acer Nitro 5 AN515-43 NH.Q6NER.003,335 320,AMD Ryzen 5,"15.6""",2100 MHz,512
