Name;Price;Mark;Model;prod_type;Size;OS;RAM;Volume;main_camera;front_camera;videoshoot_format;videoshoot_resolution
Смартфон OPPO Reno 4 Pro, Starry Night;349 990;Oppo;Reno 4 Pro;смартфон;6.5'';Android 10;8 Гб;256 Гб;48+8+2+2;32;4К UHD Full HD;3840x2160
Смартфон OPPO Reno 4 Lite, Magic Blue;179 990;Oppo;Reno 4 Lite;смартфон;6.4'';Android 10;8 Гб;128 Гб;48+8+2+2;16+2;4К UHD;3840x2160
Смартфон OPPO Reno 4 Lite, Matte Black;179 990;Oppo;Reno 4 Lite;смартфон;6.4'';Android 10;8 Гб;128 Гб;48+8+2+2;16+2;4К UHD;3840x2160
Смартфон iPhone 12 128GB (PRODUCT)RED;524 990;Apple;iPhone 12;смартфон;"6.1""";iOS 14;;128 Гб;12+12;12;4K;3840x2160
Смартфон iPhone 12 64GB Green;494 990;Apple;iPhone 12;смартфон;"6.1""";iOS 14;;64 Гб;12+12;12;4K;3840x2160
Смартфон iPhone 12 64GB Blue;494 990;Apple;iPhone 12;смартфон;"6.1""";iOS 14;;64 Гб;12+12;12;4K;3840x2160
Смартфон iPhone 12 64GB (PRODUCT)RED;494 990;Apple;iPhone 12;смартфон;"6.1""";iOS 14;;64 Гб;12+12;12;4K;3840x2160
Смартфон Xiaomi Redmi Note 9 64GB (Onyx Black) Чёрный;89 990;Xiaomi;Redmi Note 9;смартфон;6.53'';Android 10;3 Гб;64 Гб;48+8+2+2;13;;
Смартфон Xiaomi Redmi 9A 32GB, Granite Gray;43 990;Xiaomi;Xiaomi Redmi 9A;смартфон;6.53'';Android 10;2 Гб;32 Гб;13;5;;
Смартфон Xiaomi Redmi 9C 64GB, Sunrise Orange;54 990;Xiaomi;Xiaomi Redmi 9C;смартфон;6.53'';Android 10;3 Гб;64 Гб;13+2+2;5.0;;
Смартфон OPPO A53 128GB, Fancy Blue;119 990;Oppo;A53;смартфон;"6.5""";Android 10;4 Гб;128 Гб;13+2+2;8;Full HD;1920x1080
Смартфон OPPO A53 128GB, Mint Cream;119 990;Oppo;A53;смартфон;"6.5""";Android 10;4 Гб;128 Гб;13+2+2;8;Full HD;1920x1080
Смартфон OPPO A53 128GB, Electric Black;119 990;Oppo;A53;смартфон;"6.5""";Android 10;4 Гб;128 Гб;13+2+2;8;Full HD;1920x1080
Смартфон OPPO A53 64GB, Fancy Blue;89 790;Oppo;A53;смартфон;"6.5""";Android 10;4 Гб;64 Гб;13+2+2;8;Full HD;1920x1080
Смартфон OPPO A53 64GB, Mint Cream;89 790;Oppo;A53;смартфон;"6.5""";Android 10;4 Гб;64 Гб;13+2+2;8;Full HD;1920x1080
Смартфон OPPO A53 64GB, Electric Black;89 790;Oppo;A53;смартфон;"6.5""";Android 10;4 Гб;64 Гб;13+2+2;8;Full HD;1920x1080
Смартфон Realme 6 Pro (8/128), Red;129 890;RealMe;Realme 6 Pro;смартфон;"6.6""";Android ;8 Гб;256 Гб;широкоугольная 64 МП F/1.80, 12 МП F/2.50, сверхширокоугольная 8 МП F/2.30, макро 2 МП ;16 МП;;3840x2160
Смартфон Xiaomi Redmi Note 9 128GB, Onyx Black;99 990;Xiaomi;Redmi Note 9;смартфон;6.53'';Android 10;4 Гб;128 Гб;48+8+2+2;13;Full HD;1920x1080
Смартфон Xiaomi Redmi 9 64GB, Sunset Purple;74 990;Xiaomi;Redmi 9;смартфон;6.53'';Android 10;4 Гб;64 Гб;13+8+5+2;8;Full HD;1920x1080
Смартфон Xiaomi Redmi 9 64GB, Ocean Green;74 990;Xiaomi;Redmi 9;смартфон;6.53'';Android 10;4 Гб;64 Гб;13+8+5+2;8;Full HD;1920x1080
Смартфон Xiaomi Redmi 9C 64GB, Midnight Gray;54 990;Xiaomi;9C;смартфон;6.53'';Android 10;3 Гб;64 Гб;13+2+2;5;;
Смартфон Xiaomi Redmi 9 32GB Sunset Purple;69 990;Xiaomi;Redmi 9;смартфон;6.53'';Android ;3 Гб;32 Гб;13+8+5+2;8;Full HD;1920x1080
Смартфон Xiaomi Redmi 9 32GB Ocean Green;69 990;Xiaomi;Redmi 9;смартфон;6.53'';Android ;3 Гб;32 Гб;13+8+5+2;8;Full HD;1920x1080
Смартфон Xiaomi Redmi 9 32GB Carbon Grey;69 990;Xiaomi;Redmi 9;смартфон;6.53'';Android ;3 Гб;32 Гб;13+8+5+2;8;Full HD;1920x1080
Смартфон Xiaomi Redmi Note 9 128GB Midnight Grey;99 990;Xiaomi;Redmi Note 9;смартфон;6.53'';Android ;4 Гб;128 Гб;48+8+2+2;13;4K ULTRA HD;3840x2160
Смартфон Xiaomi Redmi 9C 64GB, Twilight Blue;54 990;Xiaomi;9C;смартфон;6.53'';Android 10;3 Гб;64 Гб;13+2+2;5;;
Смартфон Xiaomi Redmi 9A 32GB, Sky Blue;43 990;Xiaomi;9A;смартфон;6.53'';Android 10;2 Гб;32 Гб;13;5;;
Смартфон Samsung Galaxy A51 128GB Silver;139 890;Samsung;A51;смартфон;"6.5""";Android 9.0;6 Гб;128 Гб;48 + 12 + 5 + 5;32;;3840x2160
Смартфон Samsung Galaxy A51 64GB Silver;119 890;Samsung;A51;смартфон;"6.5""";Android 9.0;4 Гб;64 Гб;48+ 12 + 5 + 5;32;;3840x2160
Смартфон Vivo X50 Pro Alpha Grey;299 790;Vivo;X50 Pro;смартфон;"6.6""";Android 10;8 Гб;256 Гб;48 + 13 + 8 + 8;32;4К UHD;3840x2160
Смартфон Vivo X50 Frost Blue;179 990;Vivo;X50;смартфон;"6.6""";Android 10;8 Гб;128 Гб;48 + 13 + 8 + 5;32;4К UHD;3840x2160
Смартфон Vivo X50 Glaze Black;179 990;Vivo;X50;смартфон;"6.6""";Android 10;8 Гб;128 Гб;48 + 13 + 8 + 5;32;4К UHD;3840x2160
Смартфон Realme C11, Green (2/32Gb);52 890;RealMe;C11;смартфон;"6.5""";Android 10;2 Гб;32 Гб;13+2;5;;1920x1080
Смартфон Samsung Galaxy Note20 Ultra, Brown;584 890;Samsung;Galaxy Note20 Ultra;смартфон;"6.9""";Android 10;8 Гб;256 Гб;12+12+108;10;8К ;
Смартфон Samsung Galaxy Note20 Ultra, Black;584 890;Samsung;Galaxy Note20 Ultra;смартфон;"6.9""";Android 10;8 Гб;256 Гб;12+12+108;10;8К ;
Смартфон Samsung Galaxy Note20 Green;459 890;Samsung;Galaxy Note20 (SM-N980FZGGSKZ);смартфон;"6.7""";Android 9.0;8 Гб;256 Гб;12+12+64;10;;
Смартфон Samsung Galaxy Note20 Gray;459 890;Samsung;Galaxy Note20 (SM-N980FZAGSKZ);смартфон;"6.7""";Android 9.0;8 Гб;256 Гб;12+12+64;10;;
Смартфон Samsung Galaxy S20 FE, Red;299 890;Samsung;Galaxy S20 FE;смартфон;"6.5""";Android 10;6 Гб;128 Гб;12+12+8 Мп;32;Ultra HD 4K;4096 x 2048
Смартфон Samsung Galaxy S20 FE, Green;299 890;Samsung;Galaxy S20 FE;смартфон;"6.5""";Android 10;6 Гб;128 Гб;12+12+8 Мп;32;Ultra HD 4K;4096 x 2048
Смартфон Samsung Galaxy S20 FE, Navy;299 890;Samsung;Galaxy S20 FE;смартфон;"6.5""";Android 10;6 Гб;128 Гб;12+12+8 Мп;32;Ultra HD 4K;4096 x 2048
Смартфон Samsung Galaxy S20 FE, Lavender;299 890;Samsung;Galaxy S20 FE;смартфон;"6.5""";Android 10;6 Гб;128 Гб;12+12+8 Мп;32;Ultra HD 4K;4096 x 2048
Смартфон Samsung Galaxy S20 plus BTS Edition, Purple;399 890;Samsung;Galaxy S20 plus BTS Edition;смартфон;"6.7""";Android 10;8 Гб;128 Гб;64+12+12;10;4K;3840x2160
Смартфон Samsung Galaxy Note 20 Brown;459 890;Samsung;Galaxy Note20;смартфон;"6.7""";Android 9.0;8 Гб;256 Гб;12+12+64;10;;
Смартфон Samsung Galaxy Note20 Ultra, White;584 890;Samsung;Galaxy Note20 Ultra;смартфон;"6.9""";Android 10;8 Гб;256 Гб;12+12+108;10;8К ;
Смартфон Xiaomi Redmi Note 9 Pro 64GB Tropical Green;119 990;Xiaomi;Redmi Note 9 Pro;смартфон;"6.67""";Android 10;6 Гб;64 Гб;64+8+5+2;16;4К UHD;3840x2160
Смартфон Xiaomi Redmi Note 9 128GB Polar White;99 990;Xiaomi;Redmi Note 9;смартфон;6.53'';Android 10;4 Гб;128 Гб;48+8+2+2;13;4К UHD;3840x2160
Смартфон Xiaomi Redmi Note 9S 128GB Aurora Blue;109 990;Xiaomi;Note 9S;смартфон;"6.7""";Android 10;6 Гб;128 Гб;48+8+5+2;16;4К UHD;3840x2160
Смартфон Xiaomi Mi Note 10 Lite 64GB Midnight Black;169 990;Xiaomi;Mi Note 10 Lite;смартфон;"6.47""";Android 10;6 Гб;64 Гб;64+8+5+2;16;4К UHD;3840x2160
Смартфон Xiaomi Mi Note 10 Lite 128GB Nebula Purple;179 990;Xiaomi;Mi Note 10 Lite;смартфон;"6.47""";Android 10;6 Гб;128 Гб;64+8+5+2;16;4К UHD;3840x2160
Смартфон Samsung Galaxy A01 Core, Red;34 890;Samsung;A01 Core;смартфон;"5.3""";Android 10;1 Гб;16 Гб;8;5;Full HD;1920x1080
Смартфон Samsung Galaxy A01 Core Black;34 890;Samsung;A01 core;смартфон;"5.3""";Android 10;1 Гб;16 Гб;8;5;Full HD;1920x1080
Смартфон Samsung Galaxy A01 Core Blue;34 890;Samsung;A01 core;смартфон;"5.3""";Android 10;1 Гб;16 Гб;8;5;Full HD;1920x1080
Смартфон OPPO A12 4/64Gb, Blue;64 990;Oppo;A12;смартфон;"6.22""";Android 9.0;4 Гб;64 Гб;13+2;5;Full HD;1920x1080
Смартфон OPPO A12 4/64Gb, Black;64 990;Oppo;A12;смартфон;"6.22""";Android 9.0;4 Гб;64 Гб;13+2;5;Full HD;1920x1080
Смартфон Realme X3 Super Zoom 8/128Gb (White);199 890;RealMe;X3 Super Zoom;смартфон;"6.6""";Android 10;8 Гб;128 Гб;64+8+8+2;32+8;4К UHD;3840x2160
Смартфон Realme X3 Super Zoom 8/128Gb (Blue);199 890;RealMe;X3 Super Zoom;смартфон;"6.6""";Android 10;8 Гб;128 Гб;64+8+8+2;32+8;4К UHD;3840x2160
Смартфон Xiaomi Redmi Note 9 4/128GB (Forest Green);99 990;Xiaomi;Redmi Note 9;смартфон;6.53'';Android 10;4 Гб;128 Гб;48+8+2+2;13;4К UHD;3840x2160
Смартфон Xiaomi Redmi Note 9S 6/128GB (Interstellar Grey);109 990;Xiaomi;Redmi Note 9S;смартфон;"6.67""";Android 10;6 Гб;128 Гб;48+8+5+2;16;4К UHD;3840x2160
Смартфон Xiaomi Redmi Note 9S 6/128GB (Glacier White);109 990;Xiaomi;Redmi Note 9S;смартфон;"6.67""";Android 10;6 Гб;128 Гб;48+8+5+2;16;4К UHD;3840x2160
Смартфон Xiaomi Redmi Note 9 Pro 6/64GB (Glacier White);119 990;Xiaomi;Redmi Note 9 Pro;смартфон;"6.67""";Android 10;6 Гб;64 Гб;64+8+5+2;16;4К UHD;3840x2160
Смартфон Vivo Y30, Dazzle Blue;84 790;Vivo;Y30;смартфон;"6.47""";Android 10;4 Гб;64 Гб;13 + 8 + 2 + 2;8;Full HD;1920x1080
Смартфон Vivo Y30, Emerald Black;84 790;Vivo;Y30;смартфон;"6.47""";Android 10;4 Гб;64 Гб;13 + 8 + 2 + 2;8;Full HD;1920x1080
Смартфон OPPO A12, Blue;54 990;Oppo;A12;смартфон;"6.2""";Android 10;3 Гб;32 Гб;13;5.0;Full HD;1920x1080
Смартфон OPPO A12, Black;54 990;Oppo;A12;смартфон;"6.2""";Android 10;3 Гб;32 Гб;13;5.0;Full HD;1920x1080
Смартфон Realme 6 Pro 8/128Gb Blue;129 890;RealMe;6 Pro;смартфон;"6.6""";Android 10;8 Гб;128 Гб;64+12+8+2;16+8;Ultra HD 4K, Full HD, HD;3840x2160
Смартфон iPhone SE 2020 128Gb, Red;269 890;Apple;SE 2020;смартфон;"4.7""";iOS;3 Гб;128 Гб;12 Мп;7 Мп;HD;
Смартфон OPPO A72 4/128Gb Aurora Purple;119 990;Oppo;A72;смартфон;"6.5""";Android 10;4 Гб;128 Гб;48+8+2+2;16;Ultra HD 4K;3840x2160
Смартфон OPPO A72 4/128Gb Shining White;119 990;Oppo;A72;смартфон;"6.5""";Android 10;4 Гб;128 Гб;48+8+2+2;16;Ultra HD 4K;3840x2160
Смартфон OPPO A72 4/128Gb Twilight Black;119 990;Oppo;A72;смартфон;"6.5""";Android 10;4 Гб;128 Гб;48+8+2+2;16;Ultra HD 4K;3840x2160
Смартфон OPPO A52 4/64Gb Stream White;89 990;Oppo;A52;смартфон;"6.5""";Android 10;4 Гб;64 Гб;12 + 8 + 2 + 2;8;Ultra HD 4K;3840x2160
Смартфон OPPO A52 4/64Gb Twilight Black;89 990;Oppo;A52;смартфон;"6.5""";Android 10;4 Гб;64 Гб;12 + 8 + 2 + 2;8;Ultra HD 4K;3840x2160
Смартфон Samsung Galaxy S20 Ultra 128GB, White;524 890;Samsung;Galaxy S20 Ultra;смартфон;"6.9""";Android 10;12 Гб;128 Гб;108+48+12;40;4K;
Смартфон iPhone SE 2020 128Gb, White;269 890;Apple;SE 2020;смартфон;"4.7""";iOS;3 Гб;128 Гб;12 Мп;7 Мп;HD;
Смартфон iPhone SE 2020 128Gb, Black;269 890;Apple;SE 2020;смартфон;"4.7""";iOS;3 Гб;128 Гб;12 Мп;7 Мп;HD;
Смартфон iPhone SE 2020 64Gb, White;239 890;Apple;SE 2020;смартфон;"4.7""";iOS;3 Гб;64 Гб;12 Мп;7 Мп;HD;
Смартфон iPhone SE 2020 64Gb, Red;239 890;Apple;SE 2020;смартфон;"4.7""";iOS;3 Гб;64 Гб;12 Мп;7 Мп;HD;
Смартфон iPhone SE 2020 64Gb, Black;239 890;Apple;SE 2020;смартфон;"4.7""";iOS;3 Гб;64 Гб;12 Мп;7 Мп;HD;
Смартфон Realme C3 (2+32Gb), Red;49 890;RealMe;C3;смартфон;"6.5""";Android 10;2 Гб;32 Гб;12,0 Мп + 2,0 Мп + 2,0 Мп;5,0 Мп;Full HD;1920x1080
Смартфон Realme C3 (2+32Gb), Blue;49 890;RealMe;C3;смартфон;"6.5""";Android 10;2 Гб;32 Гб;12,0 Мп + 2,0 Мп + 2,0 Мп;5 Мп;Full HD;1920x1080
Смартфон Realme C3 (3+64Gb), Red;54 890;RealMe;C3;смартфон;"6.5""";Android 10;3 Гб;64 Гб;12,0 Мп + 2,0 Мп + 2,0 Мп;5 Мп;Full HD;1920x1080
Смартфон Realme C3 (3+64Gb), Blue;54 890;RealMe;C3;смартфон;"6.5""";Android 10;3 Гб;64 Гб;12,0 Мп + 2,0 Мп + 2,0 Мп;5 Мп;Full HD;1920x1080
Смартфон Realme 6i (3+64Gb), Green;69 890;Samsung;6i;смартфон;"6.5""";Android 10;3 Гб;64 Гб;48+8+2+2;16,0 Мп;UHD 4K;3840x2160
Смартфон Realme 6i (3+64Gb), White;69 890;RealMe;6i;смартфон;"6.5""";Android 10;3 Гб;64 Гб;48+8+2+2;16,0 Мп;UHD 4K;3840x2160
Смартфон Realme 6i 4/128Gb, Green;79 890;RealMe;6i;смартфон;"6.5""";Android 10;4 Гб;128 Гб;48+8+2+2;16;Full HD;1920x1080
Смартфон Realme 6i 4/128Gb, White;79 890;RealMe;6i;смартфон;"6.5""";Android 10;4 Гб;128 Гб;48+8+2+2;16;Full HD;1920x1080
Смартфон Realme 6 4/128Gb, White;99 890;RealMe;6;смартфон;"6.5""";Android 10;4 Гб;128 Гб;64+8+2+2;16;4K UHD;3840x2160
Смартфон Realme 6 4/128Gb, Blue;99 890;RealMe;6;смартфон;"6.5""";Android 10;4 Гб;128 Гб;64+8+2+2;16;4K UHD;3840x2160
Смартфон Realme 6 8/128Gb, White;109 890;RealMe;6;смартфон;"6.5""";Android 10;8 Гб;128 Гб;64+8+2+2;16;4K UHD;3840x2160
Смартфон Realme 6 8/128Gb, Blue;109 890;RealMe;6;смартфон;"6.5""";Android 10;8 Гб;128 Гб;64+8+2+2;16;4K UHD;3840x2160
Смартфон Xiaomi Redmi Note 9S 64GB, Aurora Blue;99 990;Xiaomi;Redmi Note 9S;смартфон;"6.67""";Android ;4 Гб;64 Гб;48+8+5+2;16;4K ;3840x2160
Смартфон Xiaomi Redmi Note 9S 64GB, Interstellar Grey;99 990;Xiaomi;Redmi Note 9S;смартфон;"6.67""";Android ;4 Гб;64 Гб;48+8+5+2;16;4K ;3840x2160
Смартфон OPPO Find X2, Black;449 990;Oppo;Find X2;смартфон;"6.7""";Android 10;12 Гб;256 Гб;48+13+12;32;;
Смартфон OPPO Reno 3 Pro, Starry Blue;249 990;Oppo;Reno 3 Pro;смартфон;"6.5""";Android 10;12 Гб;256 Гб;48+13+8+2;32;4K ;3840x2160 Пикс (4K)
Смартфон OPPO Reno 3 Pro, Moonlight Black;249 990;Oppo;Reno3 Pro;смартфон;"6.5""";Android 10;12 Гб;256 Гб;48+13+8+2;32;4K ;3840x2160 Пикс (4K)
Смартфон OPPO Reno 3, Sky White;159 990;Oppo;Reno 3;смартфон;"6.4""";Android 10;8 Гб;128 Гб;48+8+13+2;44;4K ;3840x2160 Пикс (4K)
Смартфон OPPO Reno 3, Auroral Blue;159 990;Oppo;Reno 3;смартфон;"6.4""";Android 10;8 Гб;128 Гб;48+8+13+2;44;4K ;3840x2160 Пикс (4K)
Смартфон OPPO Reno 3, Midnight Black;159 990;Oppo;Reno 3;смартфон;"6.4""";Android 10;8 Гб;128 Гб;48+8+13+2;44;4K ;3840x2160 Пикс (4K)
Смартфон OPPO A91, Blazing Blue;129 990;Oppo;A91;смартфон;"6.4""";Android 9.0;8 Гб;128 Гб;48+8+2+2;16;;
Смартфон OPPO A91, Lightening Black;129 990;Oppo;A91;смартфон;"6.4""";Android 9.0;8 Гб;128 Гб;48+8+2+2;16;;
Смартфон OPPO A31, Lake Green;74 790;Oppo;A31;смартфон;"6.5""";Android 9.0;4 Гб;64 Гб;12+2+2;8;Full HD, HD;1280x720
Смартфон OPPO A31, Mystery Black;74 790;Oppo;A31;смартфон;"6.5""";Android 9.0;4 Гб;64 Гб;12+2+2;8;Full HD, HD;1280x720
Смартфон OPPO A31, Fantasy White;74 790;Oppo;A31;смартфон;"6.5""";Android 9.0;4 Гб;64 Гб;12+2+2;8;Full HD, HD;1280x720
Смартфон Samsung Galaxy A41, White;109 890;Samsung;Galaxy A41;смартфон;"6.1""";Android ;4 Гб;64 Гб;48+8+5;25;FHD;1920x1080
Смартфон Samsung Galaxy A41, Black;109 890;Samsung;Galaxy A41;смартфон;"6.1""";Android ;4 Гб;64 Гб;48+8+5;25;FHD;1920x1080
Смартфон Samsung Galaxy A41, Blue;109 890;Samsung;Galaxy A41;смартфон;"6.1""";Android ;4 Гб;64 Гб;48+8+5;25;FHD;1920x1080
Смартфон Samsung Galaxy A31, White;99 890;Samsung;A31;смартфон;"6.4""";Android ;4 Гб;64 Гб;48+5+8+5;20;FHD;1920x1080
Смартфон Samsung Galaxy A31, Black;99 890;Samsung;A31;смартфон;"6.4""";Android ;4 Гб;64 Гб;48+5+8+5;20;FHD;1920x1080
Смартфон Samsung Galaxy A31, Blue;99 890;Samsung;A31;смартфон;"6.4""";Android ;4 Гб;64 Гб;48+5+8+5;20;FHD;1920x1080
Смартфон Samsung Galaxy A21s, White;79 890;Samsung;A21s;смартфон;"6.5""";Android 10;3 Гб;32 Гб;48+8+2+2;13;;
Смартфон Samsung Galaxy A21s, Red;79 890;Samsung;A21s;смартфон;"6.5""";Android 10;3 Гб;32 Гб;48+8+2+2;13;;
Смартфон Samsung Galaxy A21s, Black;79 890;Samsung;A21s;смартфон;"6.5""";Android 10;3 Гб;32 Гб;48+8+2+2;13;;
Смартфон Samsung Galaxy A11, White;64 890;Samsung;A11;смартфон;"6.4""";Android ;2 Гб;32 Гб;13.0 MП + 2.0 MП + 5.0 MП;8.0 МП;;
Смартфон Samsung Galaxy A11, Red;64 890;Samsung;Galaxy A11;смартфон;"6.4""";Android ;2 Гб;32 Гб;13.0 MП + 2.0 MП + 5.0 MП;8.0 МП;;
Смартфон Samsung Galaxy A11, Black;64 890;Samsung;A11;смартфон;"6.4""";Android ;2 Гб;32 Гб;13.0 MП + 2.0 MП + 5.0 MП;8.0 МП;;
Смартфон Samsung Galaxy S20 Ultra, Black;524 890;Samsung;Galaxy S20 Ultra;смартфон;"6.9""";Android 10;12 Гб;128 Гб;108+48+12;40;4K ;
Смартфон Samsung Galaxy S20 plus, Black;429 890;Samsung;Galaxy S20 plus;смартфон;"6.7""";Android 10;8 Гб;128 Гб;64+12+12;10;4K;3840x2160
Смартфон Samsung Galaxy S20 plus, Gray;429 890;Samsung;Galaxy S20+;смартфон;"6.7""";Android 10;8 Гб;128 Гб;64+12+12;10;4K;3840x2160
Смартфон Samsung Galaxy S20 plus, Blue;429 890;Samsung;Galaxy S20+;смартфон;"6.7""";Android 10;8 Гб;128 Гб;64+12+12;10;4K;3840x2160
Смартфон Samsung Galaxy S20, Red;349 890;Samsung;Galaxy S20;смартфон;"6.2""";Android 10;8 Гб;128 Гб;64+12+12;10;HDR10+;
Смартфон Samsung Galaxy S20, Gray;349 890;Samsung;Galaxy S20;смартфон;"6.2""";Android 10;8 Гб;128 Гб;64+12+12;10;HDR10+;
Смартфон Samsung Galaxy S20, Blue;349 890;Samsung;Galaxy S20;смартфон;"6.2""";Android 10;8 Гб;128 Гб;64+12+12;10;HDR10+;
Смартфон  Galaxy A51 128GB White, (SM-A515FZWWSKZ);139 890;Samsung;Galaxy A51;смартфон;"6.5""";Android ;6 Гб;128 Гб;48.0 МП + 12.0 MП + 5.0 MП + 5.0 MП;32.0 MП;UHD 4K;3840x2160
Смартфон Samsung Galaxy A01, Blue;49 890;Samsung;A01;смартфон;"5.7""";Android ;2 ГБ;16 Гб;13+2Мп;5 Мп;FHD;1920x1080
Смартфон Samsung Galaxy A01, Black;49 890;Samsung;A01;смартфон;"5.7""";Android ;2 ГБ;16 Гб;13+2Мп;5 Мп;FHD;1920x1080
Смартфон Samsung Galaxy A01, Red;49 890;Samsung;A01;смартфон;"5.7""";Android ;2 ГБ;16 Гб;13+2Мп;5 МП;FHD;1920x1080
Смартфон Samsung Galaxy A71 Black;159 890;Samsung;Galaxy A71;смартфон;"6.7""";Android ;6 Гб;128 Гб;64+12+5+5Мп;32Мп;;
Смартфон Samsung Galaxy A71 Silver;159 890;Samsung;A71;смартфон;"6.7""";Android ;6 Гб;128 Гб;64+12+5+5Мп;32Мп;;
Смартфон Galaxy S10 lite, Blue;179 890;Samsung;S10 lite;смартфон;"6.7""";Android 10;6 Гб;128 Гб;48+12+5Мп;32Мп;;
Смартфон Galaxy S10 lite, Black;179 890;Samsung;S10 lite;смартфон;"6.7""";Android 10;6 Гб;128 Гб;48+12+5Мп;32Мп;;
Смартфон Galaxy A51 128GB, Black (SM-A515FZKWSKZ);139 890;Samsung;Galaxy A51;смартфон;"6.5""";Android ;6 Гб;128 Гб;48.0 МП + 12.0 MП + 5.0 MП + 5.0 MП;32.0 MП;UHD 4K;3840x2160
Смартфон  Galaxy A51 128GB, Blue (SM-A515FZBWSKZ);139 890;Samsung;Galaxy A51;смартфон;"6.5""";Android ;6 Гб;128 Гб;48.0 МП + 12.0 MП + 5.0 MП + 5.0 MП;32.0 MП;UHD 4K;3840x2160
Смартфон  Galaxy A51 64GB, White (SM-A515FZWUSKZ);119 890;Samsung;Galaxy A51;смартфон;"6.5""";Android ;4 Гб;64 Гб;48.0 МП + 12.0 MП + 5.0 MП + 5.0 MП;32.0 MП;UHD 4K;3840x2160
Смартфон Galaxy A51 64GB, Black (SM-A515FZKUSKZ);119 890;Samsung;Galaxy A51;смартфон;"6.5""";Android ;4 Гб;64 Гб;48.0 МП + 12.0 MП + 5.0 MП + 5.0 MП;32.0 MП;UHD 4K;3840x2160
Смартфон Galaxy S10 lite White;179 890;Samsung;S10 lite;смартфон;"6.7""";Android 10;6 Гб;128 Гб;48+12+5Мп;32Мп;;
Смартфон Galaxy A51 64GB, Blue (SM-A515FZBUSKZ);119 890;Samsung;Galaxy A51;смартфон;"6.5""";Android ;4 Гб;64 Гб;48.0 МП + 12.0 MП + 5.0 MП + 5.0 MП;32.0 MП;UHD 4K;3840x2160
Смартфон Vivo V17, Nebula Blue (8/128Gb);119 990;Vivo;Vivo V17;смартфон;"6.38""";Android 9.0;8 Гб;128 Гб;48+8+2+2Мп;32Мп;;
Смартфон Vivo V17, Diamond Black (8/128Gb);119 990;Vivo;Vivo V17;смартфон;"6.38""";Android 9.0;8 Гб;128 Гб;48+8+2+2Мп;32Мп;;
Смартфон Vivo Y19, Magnetic Black (4/128Gb);79 890;Vivo;Y19;смартфон;6.53'';Android;4 Гб;128 Гб;2+8+16;16;Full HD;1920x1080
Смартфон Vivo Y19, Spring White (4/128Gb);79 890;Vivo;Y19;смартфон;6.53'';Android;4 Гб;128 Гб;2+8+16;16;Full HD;1920x1080
Смартфон BQ 5518G JEANS,16 GB, Dark Green;24 990;BQ;5518G JEANS;смартфон;"5.45""";Android;1 Гб;64 Гб;5;2;;
Смартфон BQ 5518G JEANS,16 GB, Brown(Hot Chocolate)(240821);24 990;BQ;5518G JEANS;смартфон;"5.45""";Android 9.0;1 Гб;64 Гб;5 МП;2 МП;;
Смартфон iPhone 11 Pro Max 64GB Silver;568 990;Apple;iPhone 11 Pro Max;смартфон;"6.5""";iOS 13;6 Гб;64 Гб;12+12+12;12;4K;3840x2160
Смартфон iPhone 11 Pro 64GB Gold;499 990;Apple;iPhone 11 Pro;смартфон;"5.8""";iOS 13;6 Гб;64 Гб;12+12+12;12;4K;
Смартфон iPhone 11 64GB Yellow;369 890;Apple;iPhone 11;смартфон;"6.1""";iOS 13;4 Гб;64 Гб;12+12;12;4K;3840x2160
Смартфон iPhone 11 64GB White;369 890;Apple;iPhone 11;смартфон;"6.1""";iOS 13;4 Гб;64 Гб;12+12;12;4K;3840x2160
Смартфон iPhone 11 64GB Purple;369 890;Apple;iPhone 11;смартфон;"6.1""";iOS 13;4 Гб;64 Гб;12+12;12;4K;3840x2160
Смартфон iPhone 11 64GB Green;369 890;Apple;iPhone 11;смартфон;"6.1""";iOS 13;4 Гб;64 Гб;12+12;12;4K;3840x2160
Смартфон iPhone 11 64GB Black;369 890;Apple;iPhone 11;смартфон;"6.1""";iOS 13;4 Гб;64 Гб;12+12;12;4K;3840x2160
Смартфон iPhone 11 64GB (PRODUCT)RED;369 890;Apple;iPhone 11;смартфон;"6.1""";iOS 13;4 Гб;64 Гб;12+12;12;4K;3840x2160
Смартфон iPhone 11 128GB (PRODUCT)RED;399 890;Apple;iPhone 11;смартфон;"6.1""";iOS 13;4 Гб;128 Гб;12+12;12;4K;3840x2160
Смартфон iPhone 11 128GB White;399 890;Apple;iPhone 11;смартфон;"6.1""";iOS 13;4 Гб;128 Гб;12+12;12;4K;3840x2160
Смартфон iPhone 11 128GB Purple;399 890;Apple;iPhone 11;смартфон;"6.1""";iOS 13;4 Гб;128 Гб;12+12;12;4K;3840x2160
Смартфон iPhone 11 128GB Black;399 890;Apple;iPhone 11;смартфон;"6.1""";iOS 13;4 Гб;128 Гб;12+12;12;4K;3840x2160
Смартфон OPPO A5 2020, 64 GB, Dazzling White;79 790;Oppo;A5 2020;смартфон;"6.5""";Android 9.0;3 Гб;64 Гб;12+8+2+2;8;Full HD;1920x1080
Смартфон OPPO A5 2020, 64 GB, Mirror Black;79 790;Oppo;A5 2020;смартфон;"6.5""";Android 9.0;3 Гб;64 Гб;12+8+2+2;8;Full HD;1920x1080
Смартфон OPPO A9 2020, 128 GB, Space Purple;109 910;Oppo;A9 2020;смартфон;"6.5""";Android 9.0;4 Гб;128 Гб;48+8+2+2;16;4K;3840x2160
Смартфон OPPO A9 2020,128 Gb, Marine Green;109 910;Oppo;A9 2020;смартфон;"6.5""";Android 9.0;4 Гб;128 Гб;48+8+2+2;16;4K;3840x2160
Смартфон Vivo Y12, Aqua Blue (3/64Gb);69 990;Vivo;Y12;смартфон;"6.35""";Android;3 Гб;64 Гб;13+8+2 Мп;8 Мп;FullHD ;1920x1080
Смартфон Vivo Y12, Burgundy Red (3/64Gb);69 990;Vivo;Y12;смартфон;"6.35""";Android;3 Гб;64 Гб;13+8+2 Мп;8 Мп;FullHD;1920x1080
Смартфон Samsung Galaxy A30s, 32 GB,  black;69 890;Samsung;Galaxy A30s;смартфон;"6.4""";Android;3 Гб;32 Гб;25 + 8 + 5;16;Full HD;1920x1080
Смартфон OPPO A5s,32 GB, Blue;67 990;Oppo;A5s;смартфон;"6.2""";Android 8.1;3 Гб;32 Гб;13+2;8;Full HD;1920x1080
Смартфон Vivo Y91C, Ocean Blue (2/32Gb);54 990;Vivo;Y91C;смартфон;"6.22""";Android 8.1;2 Гб;32 Гб;13;5;;
Смартфон Vivo Y91C, Fusion Black (2/32Gb);54 990;Vivo;Y91C;смартфон;"6.22""";Android 8.1;2 Гб;32 Гб;13;5;;
Смартфон OPPO A5s Black,32 GB;67 990;Oppo;A5s;смартфон;"6.2""";Android 8.1;3 Гб;32 Гб;13+2;8;Full HD;1920x1080
Смартфон Samsung Galaxy A10, 32GB, Red;54 890;Samsung;Galaxy A10;смартфон;"6.2""";Android;2 Гб;32 Гб;13;5;Full HD;1920x1080
Смартфон Samsung Galaxy A10, 32GB, Black;54 890;Samsung;Galaxy A10;смартфон;"6.2""";Android;2 Гб;32 Гб;13;5;Full HD;1920x1080
Смартфон Samsung Galaxy A10,32GB, Blue;54 890;Samsung;Galaxy A10;смартфон;"6.2""";Android;2 Гб;32 Гб;13;5;Full HD;1920x1080
